0.01,-4.702e-4,-0.094,91.272
0.02,6.305e-4,0.126,88.293
0.03,0.004,0.62,81.704
0.04,0.015,1.481,70.989
0.05,0.035,2.637,58.728
0.06,0.068,3.79,48.701
0.07,0.111,4.922,41.138
0.08,0.166,6.07,35.18
0.09,0.232,7.203,30.596
0.1,0.31,8.314,26.986
0.11,0.399,9.44,24.293
0.12,0.499,10.558,22.059
0.13,0.61,11.656,20.283
0.14,0.732,12.753,18.736
0.15,0.865,13.855,17.418
0.16,1.009,14.956,16.329
0.17,1.164,16.055,15.355
0.18,1.33,17.153,14.496
0.19,1.507,18.249,13.751
0.2,1.695,19.344,13.121
0.21,1.894,20.442,12.376
0.22,2.104,21.544,11.746
0.23,2.325,22.65,11.173
0.24,2.557,23.76,10.6
0.25,2.8,24.874,10.084
0.26,3.054,25.992,9.683
0.27,3.32,27.113,9.339
0.28,3.597,28.239,8.995
0.29,3.885,29.368,8.709
0.305,4.338,31.069,8.251
0.328,5.066,33.637,7.563
0.361,6.267,37.527,6.761
0.411,8.291,43.433,5.901
0.461,10.614,49.512,4.927
0.511,13.244,55.681,4.183
0.561,16.184,61.934,3.495
0.611,19.439,68.261,2.979
0.661,23.012,74.649,2.464
0.711,26.905,81.096,2.063
0.761,31.122,87.592,1.662
0.811,35.666,94.133,1.318
0.861,40.537,100.718,1.031
0.911,45.738,107.347,0.688
0.961,51.272,114.02,0.458
1.011,57.141,120.733,0.172
1.061,63.346,127.471,0.057
1.111,69.889,134.23,0.229
1.161,76.77,141.009,0.401
1.211,83.99,147.808,0.573
1.261,91.551,154.626,0.688
1.311,99.453,161.469,0.745
1.361,107.699,168.346,0.745
1.411,116.289,175.257,0.688
1.461,125.225,182.201,0.63
1.511,134.509,189.174,0.63
1.561,144.142,196.129,0.516
1.611,154.121,203.046,0.344
1.661,164.444,209.887,0.172
1.711,175.108,216.65,0.02
1.761,186.105,223.256,0.229
1.811,197.431,229.775,0.458
1.861,209.08,236.16,0.573
1.911,221.044,242.402,0.63
1.961,233.316,248.503,0.573
2.011,245.891,254.48,0.401
2.061,258.761,260.336,0.172
2.111,271.921,266.068,0.115
2.161,285.365,271.682,0.229
2.211,299.088,277.215,0.401
2.261,313.085,282.675,0.458
2.311,327.353,288.063,0.401
2.361,341.889,293.377,0.344
2.411,356.689,298.616,0.115
2.461,371.749,303.78,0.172
2.511,387.066,308.873,0.344
2.561,402.634,313.874,0.401
2.611,418.45,318.772,0.344
2.661,434.504,323.381,0.229
2.711,450.779,327.62,0.015
2.761,467.257,331.486,0.172
2.811,483.919,334.98,0.286
2.861,500.746,338.103,0.286
2.911,517.72,340.857,0.229
2.961,534.825,343.348,0.003
3.011,552.053,345.764,0.172
3.061,569.398,348.053,0.286
3.111,586.852,350.098,0.286
3.161,604.402,351.897,0.115
3.211,622.036,353.468,0.057
3.261,639.743,354.814,0.172
3.311,657.512,355.934,0.172
3.361,675.329,356.744,0.172
3.411,693.178,357.223,0.037
3.461,711.046,357.505,0.056
3.511,728.927,357.724,0.115
3.561,746.818,357.903,0.115
3.611,764.715,357.993,0.042
3.661,782.611,357.857,0.033
3.711,800.493,357.414,0.115
3.761,818.349,356.841,0.115
3.811,836.175,356.174,0.032
3.861,853.964,355.397,0.043
3.911,871.709,354.412,0.057
3.961,889.4,353.239,0.057
3.997,902.012,352.303,0.057
4.047,919.594,350.963,0.047
4.097,937.108,349.631,0.024
4.147,954.557,348.306,0.016
4.197,971.939,346.988,0.057
4.247,989.256,345.678,0.057
4.297,1006.507,344.374,0.115
4.347,1023.693,343.078,0.044
4.397,1040.815,341.791,0.007
4.447,1057.872,340.511,0.115
4.497,1074.866,339.239,0.115
4.547,1091.796,337.974,0.057
4.597,1108.664,336.715,0.031
4.647,1125.468,335.463,0.033
4.697,1142.21,334.218,0.057
4.747,1158.89,332.979,0.115
4.797,1175.508,331.746,0.115
4.847,1192.065,330.521,0.032
4.897,1208.56,329.302,0.022
4.947,1224.995,328.09,0.021
4.997,1241.369,326.885,0.014
5.047,1257.684,325.686,0.053
5.097,1273.938,324.494,0.115
5.147,1290.133,323.308,0.115
5.197,1306.269,322.128,0.049
5.247,1322.346,320.954,0.057
5.297,1338.365,319.785,0.057
5.347,1354.325,318.622,0.115
5.397,1370.227,317.464,0.057
5.447,1386.071,316.313,0.041
5.497,1401.858,315.168,0.036
5.547,1417.588,314.029,0.033
5.597,1433.261,312.895,0.021
5.647,1448.878,311.766,0.047
5.697,1464.438,310.642,0.057
5.747,1479.942,309.524,0.057
5.797,1495.39,308.41,0.057
5.847,1510.783,307.302,0.002
5.897,1526.121,306.197,0.023
5.947,1541.403,305.098,0.04
5.997,1556.63,304.003,0.115
6.047,1571.803,302.913,0.115
6.097,1586.922,301.827,0.115
6.147,1601.986,300.747,0.115
6.197,1616.997,299.671,0.006
6.247,1631.953,298.601,0.057
6.297,1646.857,297.536,0.115
6.347,1661.707,296.479,0.172
6.397,1676.505,295.428,0.115
6.447,1691.25,294.385,0.115
6.497,1705.943,293.348,0.054
6.547,1720.585,292.317,0.015
6.597,1735.175,291.292,0.032
6.647,1749.714,290.273,0.115
6.697,1764.203,289.26,0.115
6.747,1778.64,288.253,0.115
6.797,1793.028,287.252,0.172
6.847,1807.366,286.256,0.172
6.897,1821.654,285.266,0.115
6.947,1835.892,284.283,0.014
6.997,1850.082,283.306,0.115
7.047,1864.223,282.334,0.172
7.097,1878.316,281.368,0.229
7.147,1892.36,280.408,0.286
7.197,1906.356,279.452,0.229
7.247,1920.305,278.501,0.172
7.297,1934.207,277.555,0.045
7.347,1948.061,276.612,0.115
7.397,1961.868,275.673,0.229
7.447,1975.628,274.738,0.286
7.497,1989.342,273.807,0.229
7.547,2003.009,272.881,0.172
7.597,2016.63,271.96,0.115
7.647,2030.205,271.044,0.115
7.697,2043.734,270.133,0.011
7.747,2057.218,269.226,0.115
7.797,2070.657,268.324,0.229
7.847,2084.051,267.427,0.344
7.897,2097.4,266.533,0.229
7.947,2110.704,265.644,0.229
7.997,2123.964,264.758,0.056
8.047,2137.18,263.875,0.028
8.097,2150.352,262.995,0.057
8.147,2163.48,262.119,0.172
8.197,2176.564,261.246,0.172
8.247,2189.604,260.376,0.286
8.297,2202.601,259.51,0.229
8.347,2215.555,258.648,0.172
8.397,2228.466,257.79,0.008
8.447,2241.334,256.936,0.053
8.497,2254.16,256.086,0.172
8.547,2266.943,255.239,0.115
8.597,2279.684,254.396,0.172
8.647,2292.383,253.557,0.172
8.697,2305.04,252.72,0.172
8.747,2317.655,251.887,0.115
8.797,2330.228,251.056,0.026
8.847,2342.76,250.228,0.057
8.897,2355.251,249.403,0.172
8.947,2367.701,248.58,0.229
8.997,2380.109,247.76,0.172
9.047,2392.477,246.943,0.229
9.097,2404.804,246.13,0.172
9.147,2417.09,245.319,0.115
9.197,2429.336,244.512,0.022
9.247,2441.541,243.708,0.057
9.297,2453.706,242.908,0.229
9.347,2465.832,242.11,0.286
9.397,2477.917,241.316,0.344
9.447,2489.963,240.524,0.172
9.497,2501.97,239.734,0.115
9.547,2513.937,238.947,0.033
9.597,2525.865,238.162,0.115
9.647,2537.753,237.379,0.172
9.697,2549.603,236.598,0.229
9.747,2561.413,235.82,0.229
9.797,2573.185,235.044,0.172
9.847,2584.918,234.271,0.229
9.897,2596.612,233.5,0.115
9.947,2608.268,232.733,0.057
9.997,2619.885,231.968,0.029
10.047,2631.464,231.205,0.041
10.097,2643.006,230.446,0.115
10.147,2654.509,229.689,0.172
10.197,2665.975,228.934,0.286
10.247,2677.403,228.182,0.229
10.297,2688.793,227.433,0.229
10.347,2700.146,226.685,0.115
10.397,2711.461,225.939,0.01
10.447,2722.74,225.195,0.031
10.497,2733.981,224.453,0.048
10.547,2745.185,223.713,0.026
10.597,2756.352,222.975,0.115
10.647,2767.483,222.24,0.115
10.697,2778.576,221.506,0.057
10.747,2789.633,220.775,0.115
10.797,2800.654,220.045,0.229
10.847,2811.638,219.317,0.172
10.897,2822.585,218.591,0.172
10.947,2833.497,217.868,0.115
10.997,2844.372,217.147,0.051
11.047,2855.212,216.428,0.03
11.097,2866.015,215.711,0.115
11.147,2876.783,214.997,0.172
11.197,2887.515,214.284,0.286
11.247,2898.211,213.574,0.286
11.297,2908.872,212.866,0.229
11.347,2919.498,212.159,0.286
11.397,2930.088,211.454,0.172
11.447,2940.643,210.751,0.115
11.497,2951.163,210.05,0.045
11.547,2961.648,209.35,0.012
11.597,2972.098,208.651,0.057
11.647,2982.513,207.954,0.172
11.697,2992.894,207.259,0.172
11.747,3003.239,206.565,0.229
11.797,3013.55,205.873,0.115
11.847,3023.827,205.183,0.172
11.897,3034.069,204.494,0.172
11.947,3044.276,203.807,0.229
11.997,3054.449,203.121,0.172
12.047,3064.588,202.438,0.115
12.097,3074.693,201.756,0.115
12.147,3084.764,201.076,0.054
12.197,3094.801,200.398,0.027
12.247,3104.804,199.721,0.115
12.297,3114.773,199.047,0.172
12.347,3124.708,198.374,0.229
12.397,3134.61,197.703,0.286
12.447,3144.479,197.034,0.344
12.497,3154.314,196.366,0.344
12.547,3164.115,195.7,0.401
12.597,3173.884,195.035,0.286
12.647,3183.619,194.371,0.172
12.697,3193.321,193.709,0.037
12.747,3202.99,193.047,0.172
12.797,3212.625,192.386,0.286
12.847,3222.228,191.726,0.401
12.897,3231.798,191.068,0.344
12.947,3241.335,190.411,0.344
12.997,3250.839,189.755,0.344
13.047,3260.311,189.101,0.344
13.097,3269.749,188.448,0.286
13.147,3279.155,187.797,0.229
13.197,3288.529,187.147,0.286
13.247,3297.87,186.499,0.172
13.297,3307.179,185.853,0.01
13.347,3316.456,185.209,0.115
13.397,3325.7,184.566,0.229
13.447,3334.912,183.924,0.286
13.497,3344.092,183.285,0.344
13.547,3353.241,182.646,0.344
13.597,3362.357,182.009,0.286
13.647,3371.441,181.372,0.229
13.697,3380.494,180.737,0.286
13.747,3389.515,180.104,0.344
13.797,3398.505,179.471,0.286
13.847,3407.462,178.84,0.229
13.897,3416.389,178.21,0.172
13.947,3425.283,177.581,0.115
13.997,3434.147,176.953,0.035
14.047,3442.979,176.325,0.051
14.097,3451.779,175.7,0.033
14.147,3460.549,175.075,0.115
14.197,3469.287,174.45,0.229
14.247,3477.994,173.827,0.344
14.297,3486.669,173.204,0.516
14.347,3495.314,172.582,0.516
14.397,3503.928,171.961,0.516
14.447,3512.51,171.342,0.401
14.497,3521.062,170.724,0.344
14.547,3529.583,170.107,0.229
14.597,3538.073,169.492,0.115
14.647,3546.532,168.878,0.057
14.697,3554.96,168.265,0.017
14.747,3563.358,167.654,0.229
14.797,3571.726,167.044,0.401
14.847,3580.063,166.435,0.573
14.897,3588.369,165.828,0.63
14.947,3596.646,165.222,0.573
14.997,3604.892,164.617,0.573
15.047,3613.107,164.013,0.516
15.097,3621.293,163.409,0.401
15.147,3629.448,162.807,0.286
15.197,3637.574,162.205,0.229
15.247,3645.669,161.604,0.057
15.297,3653.734,161.003,0.045
15.347,3661.769,160.404,0.115
15.397,3669.774,159.805,0.286
15.447,3677.75,159.206,0.401
15.497,3685.695,158.608,0.573
15.547,3693.61,158.01,0.63
15.597,3701.496,157.413,0.688
15.647,3709.352,156.818,0.63
15.697,3717.178,156.223,0.573
15.747,3724.974,155.629,0.458
15.797,3732.741,155.037,0.344
15.847,3740.478,154.446,0.229
15.897,3748.185,153.857,0.115
15.947,3755.863,153.268,0.019
15.997,3763.512,152.681,0.057
16.047,3771.131,152.094,0.172
16.097,3778.722,151.509,0.344
16.147,3786.282,150.925,0.458
16.197,3793.814,150.342,0.573
16.247,3801.317,149.76,0.63
16.297,3808.79,149.179,0.573
16.347,3816.234,148.598,0.516
16.397,3823.65,148.018,0.401
16.447,3831.036,147.439,0.344
16.497,3838.394,146.861,0.286
16.547,3845.722,146.283,0.022
16.597,3853.022,145.705,0.044
16.647,3860.293,145.129,0.019
16.697,3867.535,144.553,0.115
16.747,3874.748,143.978,0.023
16.797,3881.933,143.403,0.115
16.847,3889.089,142.829,0.172
16.897,3896.216,142.256,0.172
16.947,3903.314,141.684,0.229
16.997,3910.384,141.112,0.286
17.047,3917.425,140.541,0.344
17.097,3924.438,139.971,0.401
17.147,3931.423,139.401,0.344
17.197,3938.378,138.832,0.344
17.247,3945.306,138.263,0.286
17.297,3952.205,137.696,0.344
17.347,3959.075,137.129,0.229
17.397,3965.918,136.563,0.172
17.447,3972.732,135.999,0.015
17.497,3979.517,135.435,0.057
17.547,3986.275,134.872,0.172
17.597,3993.005,134.31,0.229
17.647,3999.706,133.748,0.229
17.697,4006.38,133.187,0.286
17.747,4013.025,132.628,0.344
17.797,4019.642,132.068,0.344
17.847,4026.232,131.51,0.458
17.897,4032.793,130.952,0.516
17.947,4039.327,130.395,0.401
17.997,4045.833,129.838,0.401
18.047,4052.311,129.282,0.229
18.097,4058.761,128.727,0.172
18.147,4065.183,128.172,0.229
18.197,4071.578,127.618,0.115
18.247,4077.945,127.064,0.115
18.297,4084.285,126.511,0.037
18.347,4090.596,125.958,0.115
18.397,4096.88,125.405,0.286
18.447,4103.137,124.853,0.286
18.497,4109.366,124.302,0.401
18.547,4115.567,123.751,0.401
18.597,4121.741,123.2,0.344
18.647,4127.887,122.65,0.401
18.697,4134.006,122.101,0.516
18.747,4140.097,121.552,0.688
18.797,4146.161,121.003,0.573
18.847,4152.198,120.456,0.458
18.897,4158.207,119.909,0.458
18.947,4164.188,119.362,0.458
18.997,4170.143,118.816,0.401
19.047,4176.07,118.272,0.172
19.097,4181.97,117.727,0.038
19.147,4187.843,117.184,0.115
19.197,4193.688,116.642,0.115
19.247,4199.507,116.1,0.172
19.297,4205.298,115.558,0.229
19.347,4211.063,115.017,0.344
19.397,4216.8,114.477,0.344
19.447,4222.511,113.938,0.401
19.497,4228.194,113.399,0.401
19.547,4233.85,112.86,0.516
19.597,4239.48,112.322,0.63
19.647,4245.083,111.785,0.63
19.697,4250.658,111.248,0.688
19.747,4256.208,110.712,0.688
19.797,4261.73,110.177,0.688
19.847,4267.225,109.641,0.573
19.897,4272.694,109.106,0.458
19.947,4278.136,108.572,0.344
19.997,4283.551,108.038,0.229
20.047,4288.94,107.504,0.056
20.097,4294.301,106.97,0.035
20.147,4299.637,106.437,0.028
20.197,4304.945,105.905,0.057
20.247,4310.227,105.373,0.057
20.297,4315.482,104.841,0.057
20.347,4320.711,104.309,0.115
20.397,4325.913,103.779,0.057
20.447,4331.089,103.248,0.015
20.497,4336.238,102.718,0.031
20.547,4341.361,102.189,0.057
20.597,4346.457,101.66,0.057
20.647,4351.527,101.132,0.115
20.697,4356.57,100.603,0.286
20.747,4361.587,100.075,0.229
20.797,4366.578,99.548,0.286
20.847,4371.542,99.021,0.344
20.897,4376.48,98.494,0.63
20.947,4381.391,97.967,0.516
20.997,4386.277,97.441,0.401
21.047,4391.136,96.915,0.344
21.097,4395.968,96.39,0.344
21.147,4400.775,95.865,0.401
21.197,4405.555,95.341,0.458
21.247,4410.309,94.817,0.344
21.297,4415.036,94.293,0.286
21.347,4419.738,93.77,0.344
21.397,4424.413,93.247,0.286
21.447,4429.063,92.725,0.229
21.497,4433.686,92.203,0.286
21.547,4438.283,91.682,0.458
21.597,4442.854,91.16,0.401
21.647,4447.399,90.64,0.401
21.697,4451.918,90.119,0.458
21.747,4456.411,89.599,0.286
21.797,4460.878,89.08,0.172
21.847,4465.319,88.561,0.286
21.897,4469.734,88.042,0.057
21.947,4474.123,87.524,0.024
21.997,4478.486,87.006,0.024
22.047,4482.824,86.489,0.03
22.097,4487.135,85.972,0.034
22.147,4491.421,85.455,0.172
22.197,4495.681,84.939,0.286
22.247,4499.915,84.424,0.573
22.297,4504.123,83.909,0.688
22.347,4508.306,83.394,0.688
22.397,4512.463,82.88,0.688
22.447,4516.594,82.366,0.63
22.497,4520.699,81.852,0.688
22.547,4524.779,81.339,0.63
22.597,4528.833,80.826,0.344
22.647,4532.862,80.313,0.63
22.697,4536.865,79.801,0.802
22.747,4540.842,79.289,0.745
22.797,4544.793,78.777,0.917
22.847,4548.72,78.266,0.917
22.897,4552.62,77.755,0.859
22.947,4556.495,77.245,0.688
22.997,4560.345,76.734,0.688
23.047,4564.168,76.224,0.63
23.097,4567.967,75.714,0.573
23.147,4571.74,75.204,0.344
23.197,4575.487,74.695,0.458
23.247,4579.209,74.186,0.401
23.297,4582.906,73.677,0.172
23.347,4586.577,73.168,0.172
23.397,4590.223,72.659,0.172
23.447,4593.843,72.151,0.573
23.497,4597.438,71.643,0.401
23.547,4601.007,71.136,0.286
23.597,4604.551,70.629,0.229
23.647,4608.07,70.121,0.344
23.697,4611.564,69.615,0.516
23.747,4615.032,69.108,0.458
23.797,4618.474,68.602,0.573
23.847,4621.892,68.097,0.344
23.897,4625.284,67.591,0.286
23.947,4628.651,67.085,0.229
23.997,4631.993,66.58,0.401
24.047,4635.309,66.075,0.286
24.097,4638.6,65.57,0.229
24.147,4641.866,65.066,0.172
24.197,4645.107,64.562,0.286
24.247,4648.322,64.058,0.172
24.297,4651.512,63.554,0.172
24.347,4654.678,63.05,0.172
24.397,4657.818,62.546,0.458
24.447,4660.932,62.043,0.516
24.497,4664.022,61.539,0.802
24.547,4667.086,61.036,0.688
24.597,4670.125,60.532,0.859
24.647,4673.139,60.029,0.974
24.697,4676.128,59.526,1.375
24.747,4679.092,59.023,1.318
24.797,4682.031,58.52,1.261
24.847,4684.944,58.017,1.375
24.897,4687.832,57.515,1.547
24.947,4690.696,57.013,1.203
24.997,4693.534,56.511,0.802
25.047,4696.347,56.01,0.859
25.097,4699.135,55.509,0.802
25.147,4701.897,55.008,1.203
25.197,4704.635,54.507,1.146
25.247,4707.348,54.006,0.974
25.297,4710.036,53.506,0.688
25.347,4712.699,53.006,0.458
25.397,4715.337,52.507,0.286
25.447,4717.949,52.008,0.458
25.497,4720.537,51.509,0.344
25.547,4723.1,51.01,0.344
25.597,4725.638,50.511,0.286
25.647,4728.151,50.013,0.041
25.697,4730.64,49.515,0.013
25.747,4733.103,49.017,6.767e-4
25.797,4735.541,48.519,0.286
25.847,4737.955,48.022,0.028
25.897,4740.344,47.525,0.172
25.947,4742.707,47.028,0.573
25.997,4745.046,46.531,0.745
26.047,4747.36,46.035,0.859
26.097,4749.65,45.539,0.802
26.147,4751.914,45.043,0.573
26.197,4754.154,44.547,0.802
26.247,4756.369,44.051,0.745
26.297,4758.559,43.556,0.688
26.347,4760.725,43.06,0.573
26.397,4762.865,42.565,0.688
26.447,4764.981,42.07,0.802
26.497,4767.072,41.575,0.859
26.547,4769.139,41.08,0.974
26.597,4771.18,40.586,0.344
26.647,4773.197,40.091,0.286
26.697,4775.189,39.596,0.344
26.747,4777.157,39.102,0.458
26.797,4779.1,38.608,0.688
26.847,4781.018,38.114,0.573
26.897,4782.911,37.62,0.802
26.947,4784.78,37.126,0.745
26.997,4786.624,36.633,1.203
27.047,4788.443,36.14,0.63
27.097,4790.238,35.646,1.146
27.147,4792.008,35.153,1.203
27.197,4793.753,34.661,1.547
27.247,4795.474,34.168,1.261
27.297,4797.17,33.675,1.604
27.347,4798.841,33.183,1.318
27.397,4800.488,32.691,1.547
27.447,4802.11,32.199,2.12
27.497,4803.708,31.707,2.464
27.547,4805.281,31.215,2.865
27.597,4806.829,30.724,2.979
27.647,4808.353,30.233,3.61
27.697,4809.853,29.742,3.438
27.747,4811.327,29.251,2.979
27.797,4812.778,28.759,2.979
27.847,4814.203,28.269,3.151
27.897,4815.605,27.778,3.266
27.947,4816.981,27.287,3.151
27.997,4818.333,26.796,3.782
28.047,4819.661,26.306,4.297
28.097,4820.964,25.816,4.354
28.147,4822.242,25.326,5.042
28.197,4823.497,24.836,5.099
28.247,4824.726,24.347,5.959
28.297,4825.931,23.858,6.303
28.347,4827.112,23.368,6.303
28.397,4828.268,22.879,6.704
28.447,4829.4,22.39,6.474
28.497,4830.507,21.901,7.047
28.547,4831.59,21.412,7.219
28.597,4832.648,20.924,7.334
28.647,4833.682,20.435,7.277
28.697,4834.692,19.946,6.933
28.747,4835.677,19.458,6.933
28.797,4836.638,18.969,8.136
28.847,4837.574,18.481,8.308
28.897,4838.486,17.992,8.709
28.947,4839.373,17.504,9.397
28.997,4840.236,17.016,9.855
29.047,4841.075,16.529,10.428
29.097,4841.889,16.041,11.402
29.147,4842.679,15.554,11.803
29.197,4843.444,15.067,12.548
29.247,4844.185,14.58,13.694
29.297,4844.902,14.093,13.35
29.347,4845.595,13.606,14.152
29.397,4846.263,13.119,14.381
29.447,4846.907,12.632,15.355
29.497,4847.526,12.146,16.272
29.547,4848.121,11.66,17.074
29.597,4848.692,11.173,18.048
29.647,4849.239,10.688,18.908
29.697,4849.761,10.202,19.996
29.747,4850.259,9.716,20.512
29.797,4850.732,9.23,21.944
29.847,4851.182,8.745,22.918
29.897,4851.607,8.259,24.122
29.947,4852.008,7.774,24.981
29.997,4852.384,7.288,26.585
30.047,4852.737,6.803,28.591
30.097,4853.065,6.318,30.424
30.147,4853.368,5.834,32.83
30.197,4853.648,5.349,34.779
30.247,4853.903,4.865,36.841
30.297,4854.135,4.382,39.534
30.347,4854.342,3.899,42.112
30.397,4854.524,3.416,44.576
30.447,4854.683,2.931,47.097
30.497,4854.818,2.445,49.79
30.547,4854.928,1.96,52.598
30.597,4855.014,1.475,55.119
30.647,4855.075,0.99,57.869
30.697,4855.112,0.504,60.619
30.747,4855.126,0.019,63.484
30.797,4855.114,-0.465,66.349
30.847,4855.079,-0.95,68.984
30.897,4855.019,-1.434,71.792
30.947,4854.936,-1.917,74.255
30.997,4854.828,-2.4,76.776
31.047,4854.696,-2.882,79.24
31.097,4854.54,-3.365,81.933
31.147,4854.359,-3.846,84.569
31.197,4854.155,-4.328,86.746
31.247,4853.926,-4.809,89.324
31.297,4853.674,-5.289,91.272
31.347,4853.398,-5.768,93.048
31.397,4853.097,-6.246,95.34
31.447,4852.773,-6.724,97.46
31.497,4852.425,-7.202,99.695
31.547,4852.053,-7.679,102.903
31.597,4851.657,-8.156,104.679
31.647,4851.237,-8.632,107.029
31.697,4850.794,-9.108,109.263
31.747,4850.326,-9.585,112.242
31.797,4849.835,-10.061,114.534
31.847,4849.32,-10.537,116.54
31.897,4848.782,-11.012,118.144
31.947,4848.219,-11.486,119.576
31.997,4847.633,-11.96,121.524
32.047,4847.023,-12.433,123.53
32.097,4846.39,-12.906,124.905
32.147,4845.733,-13.379,127.369
32.197,4845.052,-13.853,129.718
32.247,4844.347,-14.328,131.952
32.297,4843.619,-14.804,134.588
32.347,4842.867,-15.281,136.88
32.397,4842.091,-15.759,138.942
32.447,4841.291,-16.238,141.234
32.497,4840.467,-16.718,142.838
32.547,4839.619,-17.198,145.245
32.597,4838.747,-17.68,146.906
32.647,4837.851,-18.162,148.568
32.697,4836.931,-18.645,150.172
32.747,4835.987,-19.128,152.292
32.797,4835.018,-19.612,154.527
32.847,4834.025,-20.097,155.673
32.897,4833.008,-20.583,158.194
32.947,4831.967,-21.069,160.199
32.997,4830.901,-21.556,161.46
33.047,4829.811,-22.043,162.835
33.097,4828.697,-22.53,164.668
33.147,4827.558,-23.018,165.929
33.197,4826.395,-23.506,167.074
33.247,4825.208,-23.994,168.851
33.297,4823.996,-24.483,171.2
33.347,4822.76,-24.972,172.174
33.397,4821.499,-25.461,174.351
33.447,4820.213,-25.95,175.612
33.497,4818.904,-26.44,176.987
33.547,4817.569,-26.93,177.846
33.597,4816.211,-27.42,178.877
33.647,4814.827,-27.91,179.622
33.697,4813.42,-28.396,179.508
33.747,4811.988,-28.877,178.534
33.797,4810.532,-29.357,178.304
33.847,4809.052,-29.836,177.502
33.897,4807.548,-30.315,176.586
33.947,4806.021,-30.792,175.898
33.997,4804.469,-31.269,174.466
34.047,4802.894,-31.744,172.804
34.097,4801.295,-32.217,171.372
34.147,4799.672,-32.689,170.34
34.197,4798.026,-33.158,169.194
34.247,4796.356,-33.625,167.246
34.297,4794.664,-34.088,165.814
34.347,4792.948,-34.548,163.981
34.397,4791.209,-35.004,162.434
34.447,4789.447,-35.454,160.371
34.497,4787.664,-35.899,159.225
34.547,4785.858,-36.339,157.506
34.597,4784.03,-36.773,156.016
34.647,4782.18,-37.199,154.813
34.697,4780.31,-37.62,153.725
34.747,4778.419,-38.034,152.751
34.797,4776.507,-38.442,152.12
34.847,4774.574,-38.844,151.49
34.897,4772.622,-39.241,150.631
34.947,4770.65,-39.63,149.886
34.997,4768.659,-40.013,149.084
35.047,4766.649,-40.391,148.511
35.097,4764.62,-40.762,147.88
35.147,4762.573,-41.129,147.651
35.197,4760.508,-41.493,147.766
35.247,4758.424,-41.854,147.537
35.297,4756.322,-42.213,147.823
35.347,4754.203,-42.572,148.052
35.397,4752.065,-42.932,149.141
35.447,4749.909,-43.295,149.657
35.497,4747.735,-43.661,150.86
35.547,4745.543,-44.032,151.719
35.597,4743.332,-44.406,152.235
35.647,4741.102,-44.784,153.61
35.697,4738.854,-45.168,154.699
35.747,4736.586,-45.558,155.845
35.797,4734.298,-45.954,157.277
35.847,4731.99,-46.356,158.595
35.897,4729.662,-46.763,159.855
35.947,4727.314,-47.176,161.173
35.997,4724.944,-47.594,162.376
36.047,4722.554,-48.016,163.465
36.097,4720.143,-48.443,164.955
36.147,4717.71,-48.874,166.272
36.197,4715.255,-49.309,167.017
36.247,4712.779,-49.746,167.991
36.297,4710.281,-50.185,168.507
36.347,4707.76,-50.625,169.309
36.397,4705.218,-51.067,169.767
36.447,4702.654,-51.509,169.882
36.497,4700.067,-51.952,169.939
36.547,4697.458,-52.394,170.168
36.597,4694.828,-52.836,169.882
36.647,4692.175,-53.276,169.596
36.697,4689.5,-53.715,169.424
36.747,4686.803,-54.152,169.137
36.797,4684.085,-54.586,168.793
36.847,4681.345,-55.018,168.106
36.897,4678.583,-55.446,167.705
36.947,4675.8,-55.87,166.903
36.997,4672.996,-56.289,166.272
37.047,4670.172,-56.702,165.241
37.097,4667.326,-57.107,164.095
37.147,4664.461,-57.505,163.121
37.197,4661.576,-57.893,161.975
37.247,4658.672,-58.271,160.485
37.297,4655.749,-58.636,159.168
37.347,4652.808,-58.989,158.022
37.397,4649.85,-59.331,157.277
37.447,4646.876,-59.662,156.475
37.497,4643.884,-59.98,155.443
37.547,4640.878,-60.286,154.469
37.597,4637.856,-60.58,153.782
37.647,4634.82,-60.866,153.438
37.697,4631.77,-61.145,153.037
37.747,4628.706,-61.417,152.922
37.797,4625.628,-61.688,153.266
37.847,4622.537,-61.959,153.266
37.897,4619.432,-62.23,153.667
37.947,4616.314,-62.505,154.24
37.997,4613.181,-62.787,155.1
38.047,4610.035,-63.077,156.016
38.097,4606.873,-63.376,156.99
38.147,4603.697,-63.685,158.022
38.197,4600.505,-64.004,159.225
38.247,4597.296,-64.333,160.199
38.297,4594.071,-64.671,161.23
38.347,4590.829,-65.017,162.376
38.397,4587.57,-65.372,163.35
38.447,4584.292,-65.734,164.267
38.497,4580.996,-66.102,165.184
38.547,4577.682,-66.474,165.642
38.597,4574.349,-66.849,166.33
38.647,4570.997,-67.227,166.616
38.697,4567.626,-67.606,166.903
38.747,4564.236,-67.985,167.074
38.797,4560.827,-68.363,167.132
38.847,4557.4,-68.738,166.788
38.897,4553.954,-69.108,166.444
38.947,4550.489,-69.473,165.814
38.997,4547.007,-69.83,165.184
39.047,4543.506,-70.179,164.496
39.097,4539.989,-70.518,163.809
39.147,4536.455,-70.846,162.892
39.197,4532.904,-71.158,161.631
39.247,4529.339,-71.454,160.428
39.297,4525.759,-71.732,159.225
39.347,4522.166,-71.992,158.136
39.397,4518.56,-72.232,156.99
39.447,4514.943,-72.456,156.417
39.497,4511.315,-72.664,155.673
39.547,4507.677,-72.858,154.985
39.597,4504.03,-73.039,154.527
39.645,4500.521,-73.206,154.412
39.692,4497.06,-73.368,154.527
39.74,4493.566,-73.532,154.813
39.79,4489.885,-73.708,155.157
39.84,4486.195,-73.891,155.73
39.89,4482.496,-74.084,156.532
39.94,4478.787,-74.29,157.506
39.99,4475.067,-74.511,158.595
40.04,4471.335,-74.748,159.511
40.09,4467.592,-74.998,160.543
40.14,4463.835,-75.262,161.574
40.19,4460.065,-75.538,162.491
40.24,4456.281,-75.826,163.465
40.29,4452.483,-76.123,164.382
40.34,4448.669,-76.429,165.069
40.39,4444.84,-76.739,165.413
40.44,4440.995,-77.052,165.642
40.49,4437.134,-77.365,165.699
40.54,4433.258,-77.676,165.528
40.59,4429.367,-77.982,165.241
40.64,4425.46,-78.283,164.897
40.69,4421.539,-78.575,164.267
40.74,4417.603,-78.856,163.637
40.79,4413.653,-79.125,162.835
40.84,4409.691,-79.378,161.975
40.89,4405.716,-79.614,161.173
40.94,4401.73,-79.833,160.256
40.99,4397.733,-80.03,159.225
41.04,4393.727,-80.207,158.308
41.09,4389.713,-80.363,157.506
41.14,4385.691,-80.501,156.819
41.19,4381.663,-80.623,156.36
41.24,4377.629,-80.734,156.016
41.29,4373.589,-80.836,155.959
41.34,4369.545,-80.936,156.131
41.39,4365.496,-81.039,156.589
41.44,4361.441,-81.15,157.048
41.49,4357.381,-81.269,157.793
41.54,4353.314,-81.402,158.537
41.59,4349.24,-81.549,159.454
41.64,4345.159,-81.712,160.371
41.69,4341.069,-81.888,161.058
41.74,4336.97,-82.077,161.803
41.79,4332.861,-82.276,162.434
41.84,4328.742,-82.484,163.006
41.89,4324.612,-82.698,163.408
41.94,4320.472,-82.917,163.751
41.99,4316.321,-83.137,163.923
42.04,4312.158,-83.357,163.923
42.09,4307.985,-83.572,163.637
42.14,4303.801,-83.78,163.408
42.19,4299.607,-83.979,163.121
42.24,4295.404,-84.166,162.605
42.29,4291.191,-84.339,161.918
42.34,4286.97,-84.494,161.288
42.39,4282.742,-84.631,160.6
42.44,4278.507,-84.748,159.798
42.49,4274.267,-84.842,158.881
42.54,4270.023,-84.915,158.366
42.59,4265.776,-84.971,157.793
42.64,4261.527,-85.01,157.22
42.69,4257.275,-85.037,157.105
42.74,4253.023,-85.058,157.048
42.79,4248.77,-85.077,157.22
42.84,4244.515,-85.098,157.449
42.89,4240.26,-85.126,157.85
42.94,4236.002,-85.165,158.366
42.99,4231.743,-85.216,158.881
43.04,4227.481,-85.281,159.569
43.09,4223.215,-85.364,160.371
43.14,4218.944,-85.462,161.173
43.19,4214.668,-85.576,161.746
43.24,4210.386,-85.7,162.262
43.29,4206.098,-85.835,162.777
43.34,4201.803,-85.977,163.178
43.39,4197.5,-86.122,163.408
43.44,4193.19,-86.268,163.408
43.49,4188.873,-86.41,163.293
43.54,4184.549,-86.546,163.064
43.59,4180.219,-86.671,162.663
43.64,4175.883,-86.783,162.204
43.69,4171.541,-86.878,161.574
43.74,4167.195,-86.955,160.944
43.79,4162.846,-87.01,160.199
43.84,4158.494,-87.044,159.569
43.89,4154.142,-87.057,158.996
43.94,4149.789,-87.051,158.537
43.99,4145.437,-87.028,158.136
44.04,4141.087,-86.992,157.85
44.09,4136.738,-86.947,157.735
44.14,4132.392,-86.897,157.793
44.19,4128.048,-86.848,157.907
44.24,4123.707,-86.803,158.251
44.29,4119.368,-86.767,158.652
44.34,4115.03,-86.743,159.053
44.39,4110.693,-86.733,159.626
44.44,4106.357,-86.738,160.371
44.49,4102.019,-86.761,161.116
44.54,4097.68,-86.799,161.689
44.59,4093.339,-86.848,162.147
44.64,4088.995,-86.905,162.434
44.69,4084.649,-86.967,162.663
44.74,4080.299,-87.03,162.777
44.79,4075.946,-87.091,162.663
44.84,4071.59,-87.145,162.548
44.89,4067.231,-87.19,162.262
44.94,4062.871,-87.222,161.803
44.99,4058.509,-87.238,161.345
45.04,4054.147,-87.235,160.944
45.09,4049.786,-87.213,160.371
45.14,4045.426,-87.169,159.741
45.19,4041.069,-87.103,159.11
45.24,4036.716,-87.015,158.537
45.29,4032.368,-86.909,158.251
45.34,4028.026,-86.791,157.964
45.39,4023.689,-86.664,157.793
45.44,4019.359,-86.534,157.85
45.49,4015.036,-86.409,158.194
45.54,4010.718,-86.295,158.595
45.59,4006.406,-86.193,158.996
45.64,4002.099,-86.106,159.569
45.69,3997.795,-86.038,160.199
45.74,3993.495,-85.989,160.887
45.79,3989.196,-85.957,161.46
45.84,3984.899,-85.939,161.975
45.89,3980.602,-85.933,162.376
45.94,3976.305,-85.933,162.548
45.99,3972.009,-85.935,162.663
46.04,3967.712,-85.936,162.663
46.09,3963.415,-85.93,162.376
46.14,3959.119,-85.912,161.918
46.19,3954.824,-85.878,161.46
46.24,3950.531,-85.827,160.944
46.29,3946.242,-85.755,160.428
46.34,3941.956,-85.663,159.855
46.39,3937.676,-85.55,159.34
46.44,3933.402,-85.418,158.938
46.49,3929.134,-85.27,158.652
46.54,3924.875,-85.11,158.423
46.59,3920.623,-84.943,158.366
46.64,3916.38,-84.776,158.537
46.69,3912.146,-84.611,158.767
46.74,3907.919,-84.454,159.11
46.79,3903.7,-84.308,159.511
46.84,3899.488,-84.175,159.97
46.89,3895.282,-84.056,160.428
46.94,3891.082,-83.949,160.772
46.99,3886.887,-83.851,160.944
47.04,3882.697,-83.763,161.345
47.09,3878.511,-83.683,161.574
47.14,3874.329,-83.606,161.689
47.19,3870.15,-83.53,161.689
47.24,3865.976,-83.452,161.631
47.29,3861.805,-83.368,161.46
47.34,3857.639,-83.277,161.345
47.39,3853.478,-83.175,161.058
47.44,3849.322,-83.06,160.715
47.49,3845.172,-82.93,160.314
47.54,3841.029,-82.785,159.913
47.59,3836.894,-82.625,159.626
47.64,3832.767,-82.453,159.397
47.69,3828.649,-82.27,159.168
47.74,3824.54,-82.079,159.053
47.79,3820.441,-81.883,158.996
47.84,3816.351,-81.687,158.996
47.89,3812.272,-81.493,159.282
47.94,3808.202,-81.307,159.511
47.99,3804.141,-81.129,159.798
48.04,3800.089,-80.961,160.142
48.09,3796.045,-80.804,160.543
48.14,3792.008,-80.658,160.887
48.19,3787.979,-80.52,161.116
48.24,3783.956,-80.389,161.345
48.29,3779.94,-80.262,161.574
48.34,3775.93,-80.136,161.631
48.39,3771.926,-80.008,161.574
48.44,3767.929,-79.874,161.402
48.49,3763.939,-79.73,161.173
48.54,3759.956,-79.574,160.829
48.59,3755.982,-79.403,160.543
48.64,3752.016,-79.217,160.084
48.69,3748.061,-79.016,159.798
48.74,3744.115,-78.802,159.569
48.79,3740.181,-78.575,159.34
48.84,3736.258,-78.34,159.225
48.89,3732.347,-78.099,159.11
48.94,3728.448,-77.855,159.053
48.99,3724.561,-77.611,159.168
49.04,3720.687,-77.373,159.397
49.09,3716.824,-77.142,159.569
49.14,3712.972,-76.922,159.855
49.19,3709.131,-76.712,160.142
49.24,3705.301,-76.514,160.543
49.29,3701.48,-76.327,160.829
49.34,3697.668,-76.151,161.173
49.39,3693.865,-75.982,161.402
49.44,3690.07,-75.818,161.517
49.49,3686.283,-75.654,161.574
49.54,3682.504,-75.488,161.402
49.59,3678.734,-75.315,161.23
49.64,3674.973,-75.132,160.944
49.69,3671.221,-74.938,160.6
49.74,3667.479,-74.731,160.371
49.79,3663.748,-74.511,160.084
49.84,3660.029,-74.278,159.741
49.89,3656.321,-74.033,159.397
49.94,3652.625,-73.778,159.282
49.99,3648.943,-73.519,159.282
50.04,3645.274,-73.257,159.282
50.09,3641.617,-72.996,159.34
50.14,3637.974,-72.739,159.511
50.19,3634.343,-72.488,159.683
50.24,3630.725,-72.246,159.913
50.29,3627.118,-72.014,160.142
50.34,3623.523,-71.791,160.428
50.39,3619.939,-71.578,160.657
50.44,3616.365,-71.374,160.887
50.49,3612.802,-71.177,161.116
50.54,3609.248,-70.985,161.23
50.59,3605.703,-70.795,161.345
50.64,3602.168,-70.604,161.288
50.69,3598.643,-70.408,161.116
50.74,3595.127,-70.205,160.887
50.79,3591.623,-69.993,160.657
50.84,3588.128,-69.771,160.428
50.89,3584.646,-69.538,160.199
50.94,3581.175,-69.294,160.027
50.99,3577.716,-69.04,159.798
51.04,3574.271,-68.778,159.569
51.09,3570.839,-68.508,159.397
51.14,3567.42,-68.235,159.34
51.19,3564.015,-67.96,159.282
51.24,3560.624,-67.688,159.397
51.29,3557.246,-67.421,159.569
51.34,3553.882,-67.161,159.798
51.39,3550.53,-66.911,160.027
51.44,3547.191,-66.671,160.371
51.49,3543.863,-66.441,160.543
51.54,3540.546,-66.219,160.829
51.59,3537.241,-66.005,161.001
51.64,3533.946,-65.797,161.116
51.69,3530.661,-65.591,161.116
51.74,3527.387,-65.386,161.116
51.79,3524.123,-65.178,161.058
51.84,3520.869,-64.966,160.829
51.89,3517.626,-64.747,160.715
51.94,3514.394,-64.521,160.485
51.99,3511.174,-64.286,160.371
52.04,3507.966,-64.043,160.199
52.09,3504.77,-63.791,160.084
52.14,3501.587,-63.531,159.913
52.19,3498.417,-63.263,159.798
52.24,3495.261,-62.991,159.626
52.29,3492.118,-62.715,159.569
52.34,3488.989,-62.438,159.569
52.39,3485.874,-62.162,159.626
52.44,3482.773,-61.89,159.626
52.49,3479.685,-61.624,159.741
52.54,3476.611,-61.364,160.027
52.59,3473.549,-61.113,160.199
52.64,3470.499,-60.87,160.371
52.69,3467.462,-60.636,160.543
52.74,3464.435,-60.409,160.715
52.79,3461.421,-60.188,160.829
52.84,3458.417,-59.972,160.944
52.89,3455.423,-59.759,160.887
52.94,3452.441,-59.546,160.887
52.99,3449.469,-59.333,160.887
53.04,3446.507,-59.117,160.829
53.09,3443.557,-58.896,160.715
53.14,3440.618,-58.67,160.6
53.19,3437.69,-58.438,160.428
53.24,3434.774,-58.198,160.256
53.29,3431.87,-57.951,160.142
53.34,3428.979,-57.697,159.97
53.39,3426.101,-57.438,159.855
53.44,3423.236,-57.174,159.798
53.49,3420.384,-56.907,159.683
53.54,3417.545,-56.638,159.683
53.59,3414.72,-56.371,159.798
53.64,3411.908,-56.105,159.855
53.69,3409.109,-55.844,159.855
53.74,3406.323,-55.588,159.913
53.79,3403.55,-55.338,160.084
53.84,3400.789,-55.095,160.314
53.89,3398.041,-54.858,160.543
53.94,3395.304,-54.627,160.657
53.99,3392.578,-54.402,160.772
54.04,3389.863,-54.18,160.772
54.09,3387.16,-53.962,160.715
54.14,3384.467,-53.745,160.715
54.19,3381.785,-53.527,160.6
54.24,3379.114,-53.309,160.6
54.29,3376.454,-53.089,160.543
54.34,3373.805,-52.866,160.428
54.39,3371.168,-52.64,160.371
54.44,3368.542,-52.41,160.256
54.49,3365.927,-52.177,160.256
54.54,3363.324,-51.94,160.084
54.59,3360.733,-51.701,160.027
54.64,3358.154,-51.461,159.97
54.69,3355.587,-51.219,159.97
54.74,3353.032,-50.977,159.97
54.79,3350.489,-50.736,160.027
54.84,3347.958,-50.497,160.027
54.89,3345.439,-50.261,160.084
54.94,3342.932,-50.028,160.142
54.99,3340.437,-49.798,160.314
55.04,3337.952,-49.572,160.428
55.09,3335.479,-49.348,160.485
55.14,3333.017,-49.127,160.543
55.19,3330.567,-48.909,160.6
55.24,3328.127,-48.692,160.543
55.29,3325.697,-48.475,160.485
55.34,3323.279,-48.259,160.485
55.39,3320.871,-48.042,160.485
55.44,3318.475,-47.823,160.371
55.49,3316.089,-47.603,160.314
55.54,3313.715,-47.382,160.256
55.59,3311.351,-47.158,160.199
55.64,3308.999,-46.933,160.142
55.69,3306.658,-46.707,160.142
55.74,3304.328,-46.48,160.142
55.79,3302.01,-46.252,160.084
55.84,3299.703,-46.025,160.084
55.89,3297.407,-45.799,160.084
55.94,3295.123,-45.574,160.142
55.99,3292.85,-45.35,160.142
56.04,3290.588,-45.129,160.199
56.09,3288.337,-44.91,160.256
56.14,3286.097,-44.694,160.256
56.19,3283.867,-44.48,160.314
56.24,3281.649,-44.27,160.314
56.29,3279.44,-44.062,160.256
56.34,3277.242,-43.858,160.256
56.39,3275.055,-43.657,160.314
56.44,3272.877,-43.458,160.314
56.49,3270.709,-43.261,160.371
56.54,3268.551,-43.067,160.428
56.59,3266.402,-42.874,160.371
56.64,3264.263,-42.683,160.371
56.69,3262.134,-42.493,160.428
56.74,3260.014,-42.304,160.371
56.79,3257.903,-42.116,160.371
56.84,3255.802,-41.928,160.428
56.89,3253.711,-41.739,160.428
56.94,3251.628,-41.549,160.371
56.99,3249.556,-41.36,160.314
57.04,3247.492,-41.17,160.314
57.09,3245.439,-40.98,160.256
57.14,3243.394,-40.79,160.199
57.19,3241.36,-40.6,160.199
57.24,3239.334,-40.41,160.142
57.29,3237.319,-40.222,160.027
57.34,3235.312,-40.036,160.084
57.39,3233.315,-39.851,160.142
57.44,3231.327,-39.667,160.256
57.49,3229.348,-39.484,160.256
57.54,3227.379,-39.305,160.256
57.59,3225.418,-39.128,160.314
57.64,3223.466,-38.954,160.314
57.69,3221.522,-38.783,160.314
57.74,3219.587,-38.615,160.314
57.79,3217.661,-38.45,160.314
57.84,3215.742,-38.286,160.428
57.89,3213.832,-38.124,160.428
57.94,3211.93,-37.963,160.428
57.99,3210.036,-37.803,160.428
58.04,3208.15,-37.645,160.371
58.09,3206.271,-37.489,160.314
58.14,3204.401,-37.334,160.314
58.19,3202.538,-37.18,160.256
58.24,3200.683,-37.026,160.256
58.29,3198.835,-36.874,160.256
58.34,3196.995,-36.722,160.256
58.39,3195.163,-36.571,160.314
58.44,3193.338,-36.42,160.256
58.49,3191.521,-36.271,160.314
58.54,3189.711,-36.121,160.371
58.59,3187.909,-35.972,160.371
58.64,3186.114,-35.824,160.314
58.69,3184.326,-35.678,160.371
58.74,3182.546,-35.531,160.314
58.79,3180.773,-35.386,160.314
58.84,3179.008,-35.241,160.314
58.89,3177.249,-35.096,160.256
58.94,3175.498,-34.953,160.314
58.99,3173.754,-34.809,160.314
59.04,3172.017,-34.667,160.256
59.09,3170.287,-34.525,160.256
59.14,3168.565,-34.384,160.256
59.19,3166.849,-34.243,160.256
59.24,3165.14,-34.104,160.314
59.29,3163.438,-33.964,160.314
59.34,3161.744,-33.826,160.256
59.39,3160.056,-33.69,160.256
59.44,3158.375,-33.554,160.314
59.49,3156.7,-33.42,160.314
59.54,3155.033,-33.287,160.256
59.59,3153.372,-33.157,160.256
59.64,3151.717,-33.027,160.314
59.69,3150.069,-32.898,160.256
59.74,3148.427,-32.771,160.314
59.79,3146.792,-32.646,160.314
59.84,3145.163,-32.521,160.314
59.89,3143.54,-32.399,160.314
59.94,3141.923,-32.278,160.314
59.99,3140.312,-32.158,160.314
60.04,3138.707,-32.039,160.371
60.09,3137.108,-31.921,160.314
60.14,3135.515,-31.806,160.256
60.19,3133.927,-31.694,160.256
60.24,3132.345,-31.583,160.256
60.29,3130.769,-31.472,160.314
60.34,3129.198,-31.363,160.314
60.39,3127.633,-31.255,160.256
60.44,3126.072,-31.15,160.256
60.49,3124.518,-31.046,160.256
60.54,3122.968,-30.945,160.256
60.59,3121.423,-30.844,160.314
60.64,3119.883,-30.745,160.371
60.69,3118.349,-30.647,160.371
60.74,3116.819,-30.548,160.428
60.79,3115.294,-30.451,160.428
60.84,3113.774,-30.354,160.428
60.89,3112.258,-30.258,160.428
60.94,3110.748,-30.162,160.371
60.99,3109.242,-30.067,160.371
61.04,3107.741,-29.973,160.314
61.09,3106.245,-29.878,160.314
61.14,3104.753,-29.784,160.256
61.19,3103.266,-29.69,160.199
61.24,3101.784,-29.597,160.199
61.29,3100.307,-29.504,160.199
61.34,3098.834,-29.412,160.199
61.39,3097.365,-29.321,160.199
61.44,3095.902,-29.231,160.199
61.49,3094.442,-29.142,160.199
61.54,3092.987,-29.055,160.199
61.59,3091.537,-28.971,160.199
61.64,3090.09,-28.887,160.314
61.69,3088.648,-28.804,160.371
61.74,3087.21,-28.723,160.371
61.79,3085.776,-28.645,160.371
61.84,3084.345,-28.568,160.428
61.89,3082.919,-28.491,160.485
61.94,3081.496,-28.415,160.428
61.99,3080.077,-28.34,160.485
62.04,3078.662,-28.266,160.428
62.09,3077.251,-28.193,160.428
62.14,3075.843,-28.121,160.314
62.19,3074.439,-28.051,160.256
62.24,3073.038,-27.981,160.256
62.29,3071.641,-27.911,160.256
62.34,3070.247,-27.842,160.199
62.39,3068.856,-27.773,160.199
62.44,3067.469,-27.706,160.199
62.49,3066.086,-27.639,160.199
62.54,3064.705,-27.574,160.199
62.59,3063.328,-27.51,160.256
62.64,3061.954,-27.447,160.256
62.69,3060.584,-27.386,160.314
62.74,3059.216,-27.326,160.256
62.79,3057.851,-27.269,160.314
62.84,3056.489,-27.214,160.314
62.89,3055.13,-27.16,160.371
62.94,3053.773,-27.107,160.371
62.99,3052.419,-27.056,160.428
63.04,3051.067,-27.006,160.428
63.09,3049.718,-26.957,160.428
63.14,3048.372,-26.91,160.428
63.19,3047.027,-26.864,160.371
63.24,3045.685,-26.818,160.428
63.29,3044.345,-26.772,160.371
63.34,3043.008,-26.726,160.428
63.39,3041.673,-26.68,160.371
63.44,3040.34,-26.635,160.314
63.49,3039.009,-26.591,160.256
63.54,3037.681,-26.548,160.256
63.59,3036.355,-26.505,160.199
63.64,3035.03,-26.463,160.199
63.69,3033.708,-26.423,160.142
63.74,3032.388,-26.384,160.142
63.79,3031.07,-26.347,160.142
63.84,3029.753,-26.311,160.142
63.89,3028.439,-26.277,160.199
63.94,3027.126,-26.243,160.256
63.99,3025.814,-26.213,160.256
64.04,3024.504,-26.186,160.256
64.09,3023.196,-26.16,160.371
64.14,3021.888,-26.134,160.428
64.19,3020.582,-26.11,160.428
64.24,3019.277,-26.088,160.485
64.29,3017.973,-26.067,160.543
64.34,3016.671,-26.048,160.485
64.39,3015.369,-26.029,160.543
64.44,3014.068,-26.009,160.543
64.49,3012.768,-25.99,160.543
64.54,3011.469,-25.97,160.485
64.59,3010.171,-25.949,160.543
64.64,3008.874,-25.926,160.485
64.69,3007.578,-25.902,160.485
64.74,3006.284,-25.876,160.428
64.79,3004.991,-25.848,160.371
64.84,3003.699,-25.819,160.314
64.89,3002.409,-25.79,160.199
64.94,3001.12,-25.761,160.142
64.99,2999.833,-25.731,160.027
65.04,2998.547,-25.703,159.97
65.09,2997.262,-25.676,159.97
65.14,2995.979,-25.649,159.97
65.19,2994.697,-25.624,159.97
65.24,2993.417,-25.6,160.027
65.29,2992.137,-25.578,160.142
65.34,2990.859,-25.558,160.199
65.39,2989.581,-25.541,160.256
65.44,2988.305,-25.526,160.371
65.49,2987.029,-25.513,160.428
65.54,2985.753,-25.503,160.485
65.59,2984.478,-25.497,160.543
65.64,2983.204,-25.492,160.6
65.69,2981.929,-25.489,160.657
65.74,2980.655,-25.486,160.715
65.79,2979.38,-25.484,160.657
65.84,2978.106,-25.482,160.6
65.89,2976.832,-25.482,160.6
65.94,2975.558,-25.48,160.6
65.99,2974.284,-25.476,160.543
66.04,2973.011,-25.471,160.485
66.09,2971.737,-25.465,160.371
66.14,2970.464,-25.459,160.314
66.19,2969.191,-25.452,160.199
66.24,2967.919,-25.445,160.027
66.29,2966.647,-25.44,159.97
66.34,2965.375,-25.434,159.913
66.39,2964.103,-25.428,159.913
66.44,2962.832,-25.424,159.913
66.49,2961.561,-25.421,159.913
66.54,2960.29,-25.419,160.027
66.59,2959.019,-25.419,160.084
66.64,2957.748,-25.422,160.142
66.69,2956.477,-25.427,160.256
66.74,2955.205,-25.435,160.314
66.79,2953.933,-25.447,160.428
66.84,2952.661,-25.459,160.543
66.89,2951.387,-25.474,160.543
66.94,2950.113,-25.493,160.6
66.99,2948.838,-25.514,160.657
67.04,2947.562,-25.536,160.715
67.09,2946.284,-25.558,160.715
67.14,2945.006,-25.58,160.772
67.19,2943.726,-25.602,160.715
67.24,2942.446,-25.624,160.657
67.29,2941.164,-25.644,160.657
67.34,2939.881,-25.662,160.6
67.39,2938.598,-25.677,160.543
67.44,2937.314,-25.69,160.428
67.49,2936.029,-25.703,160.314
67.54,2934.743,-25.714,160.199
67.59,2933.457,-25.724,160.084
67.64,2932.171,-25.732,160.027
67.69,2930.884,-25.738,159.97
67.74,2929.597,-25.744,159.97
67.79,2928.31,-25.749,159.913
67.84,2927.022,-25.756,159.855
67.89,2925.734,-25.764,159.913
67.94,2924.446,-25.773,159.97
67.99,2923.157,-25.783,160.027
68.04,2921.868,-25.796,160.084
68.09,2920.577,-25.811,160.199
68.14,2919.286,-25.829,160.256
68.19,2917.994,-25.85,160.314
68.24,2916.701,-25.875,160.371
68.29,2915.407,-25.902,160.485
68.34,2914.111,-25.932,160.6
68.39,2912.814,-25.963,160.657
68.44,2911.515,-25.996,160.772
68.49,2910.214,-26.029,160.772
68.54,2908.912,-26.063,160.772
68.59,2907.608,-26.098,160.772
68.64,2906.302,-26.132,160.715
68.69,2904.995,-26.166,160.657
68.74,2903.685,-26.2,160.6
68.79,2902.375,-26.232,160.485
68.84,2901.062,-26.264,160.371
68.89,2899.748,-26.294,160.314
68.94,2898.433,-26.321,160.314
68.99,2897.116,-26.346,160.256
69.04,2895.798,-26.37,160.142
69.09,2894.479,-26.393,160.084
69.14,2893.159,-26.415,160.027
69.19,2891.838,-26.437,159.97
69.24,2890.515,-26.459,159.97
69.29,2889.192,-26.48,160.027
69.34,2887.867,-26.502,160.027
69.39,2886.542,-26.525,160.084
69.44,2885.215,-26.55,160.084
69.49,2883.886,-26.577,160.142
69.54,2882.557,-26.606,160.199
69.59,2881.226,-26.636,160.314
69.64,2879.893,-26.669,160.314
69.69,2878.559,-26.705,160.371
69.74,2877.223,-26.743,160.428
69.79,2875.885,-26.783,160.485
69.84,2874.544,-26.825,160.543
69.89,2873.202,-26.868,160.6
69.94,2871.858,-26.913,160.543
69.99,2870.511,-26.96,160.543
70.04,2869.162,-27.007,160.6
70.09,2867.81,-27.054,160.657
70.14,2866.456,-27.1,160.657
70.19,2865.1,-27.146,160.6
70.24,2863.742,-27.191,160.543
70.29,2862.381,-27.236,160.543
70.34,2861.018,-27.279,160.485
70.39,2859.653,-27.322,160.428
70.44,2858.286,-27.362,160.314
70.49,2856.917,-27.402,160.256
70.54,2855.546,-27.441,160.199
70.59,2854.173,-27.479,160.142
70.64,2852.798,-27.516,160.084
70.69,2851.421,-27.554,160.027
70.74,2850.042,-27.59,160.084
70.79,2848.662,-27.626,160.084
70.84,2847.28,-27.662,160.084
70.89,2845.896,-27.699,160.084
70.94,2844.51,-27.738,160.142
70.99,2843.122,-27.778,160.142
71.04,2841.732,-27.819,160.256
71.09,2840.34,-27.86,160.371
71.14,2838.946,-27.901,160.428
71.19,2837.55,-27.945,160.485
71.24,2836.152,-27.99,160.485
71.29,2834.751,-28.036,160.543
71.34,2833.348,-28.083,160.6
71.39,2831.943,-28.13,160.6
71.44,2830.535,-28.178,160.657
71.49,2829.125,-28.224,160.657
71.54,2827.712,-28.27,160.657
71.59,2826.298,-28.315,160.6
71.64,2824.881,-28.36,160.543
71.69,2823.462,-28.405,160.485
71.74,2822.041,-28.447,160.428
71.79,2820.617,-28.489,160.314
71.84,2819.192,-28.53,160.256
71.89,2817.764,-28.569,160.199
71.94,2816.335,-28.608,160.142
71.99,2814.903,-28.645,160.142
72.04,2813.47,-28.681,160.142
72.09,2812.035,-28.716,160.142
72.14,2810.599,-28.751,160.084
72.19,2809.16,-28.788,160.027
72.24,2807.72,-28.826,160.027
72.29,2806.278,-28.865,160.084
72.34,2804.833,-28.904,160.084
72.39,2803.387,-28.945,160.199
72.44,2801.939,-28.986,160.314
72.49,2800.489,-29.029,160.371
72.54,2799.036,-29.074,160.371
72.59,2797.581,-29.12,160.428
72.64,2796.124,-29.169,160.428
72.69,2794.664,-29.22,160.428
72.74,2793.202,-29.273,160.428
72.79,2791.737,-29.327,160.485
72.84,2790.269,-29.381,160.6
72.89,2788.799,-29.434,160.657
72.94,2787.326,-29.488,160.657
72.99,2785.85,-29.542,160.715
73.04,2784.372,-29.595,160.657
73.09,2782.89,-29.647,160.657
73.14,2781.407,-29.699,160.6
73.19,2779.921,-29.748,160.6
73.24,2778.432,-29.795,160.543
73.29,2776.941,-29.841,160.485
73.34,2775.448,-29.884,160.428
73.39,2773.953,-29.926,160.314
73.44,2772.455,-29.966,160.199
73.49,2770.956,-30.005,160.084
73.54,2769.455,-30.042,160.027
73.59,2767.952,-30.079,159.97
73.64,2766.447,-30.114,159.97
73.69,2764.941,-30.149,160.027
73.74,2763.432,-30.183,159.97
73.79,2761.922,-30.218,159.97
73.84,2760.411,-30.254,160.027
73.89,2758.897,-30.291,160.084
73.94,2757.381,-30.33,160.084
73.99,2755.864,-30.371,160.199
74.04,2754.344,-30.413,160.314
74.09,2752.823,-30.457,160.371
74.14,2751.299,-30.503,160.485
74.19,2749.772,-30.55,160.6
74.24,2748.244,-30.598,160.657
74.29,2746.713,-30.648,160.657
74.34,2745.179,-30.698,160.715
74.39,2743.643,-30.749,160.715
74.44,2742.104,-30.8,160.715
74.49,2740.563,-30.851,160.715
74.54,2739.019,-30.901,160.657
74.59,2737.473,-30.95,160.6
74.64,2735.924,-30.998,160.485
74.69,2734.373,-31.045,160.428
74.74,2732.819,-31.09,160.371
74.79,2731.264,-31.134,160.256
74.84,2729.706,-31.176,160.199
74.89,2728.146,-31.217,160.084
74.94,2726.584,-31.258,160.027
74.99,2725.02,-31.298,159.97
75.04,2723.455,-31.337,160.027
75.09,2721.887,-31.375,160.027
75.14,2720.317,-31.414,160.084
75.19,2718.745,-31.452,160.142
75.24,2717.172,-31.492,160.142
75.29,2715.596,-31.533,160.142
75.34,2714.019,-31.576,160.199
75.39,2712.439,-31.62,160.314
75.44,2710.857,-31.665,160.314
75.49,2709.272,-31.713,160.314
75.54,2707.685,-31.762,160.371
75.59,2706.096,-31.813,160.371
75.64,2704.504,-31.866,160.428
75.69,2702.909,-31.92,160.485
75.74,2701.312,-31.975,160.6
75.79,2699.712,-32.031,160.6
75.84,2698.109,-32.088,160.6
75.89,2696.503,-32.144,160.657
75.94,2694.894,-32.201,160.6
75.99,2693.283,-32.258,160.6
76.04,2691.669,-32.314,160.6
76.09,2690.051,-32.369,160.6
76.14,2688.432,-32.423,160.543
76.19,2686.809,-32.476,160.485
76.24,2685.184,-32.528,160.428
76.29,2683.556,-32.578,160.371
76.34,2681.926,-32.626,160.371
76.39,2680.294,-32.673,160.314
76.44,2678.659,-32.718,160.314
76.49,2677.022,-32.761,160.256
76.54,2675.383,-32.803,160.256
76.59,2673.742,-32.844,160.256
76.64,2672.099,-32.883,160.314
76.69,2670.454,-32.92,160.256
76.74,2668.807,-32.956,160.371
76.79,2667.158,-32.99,160.371
76.84,2665.508,-33.024,160.314
76.89,2663.856,-33.057,160.314
76.94,2662.202,-33.089,160.314
76.99,2660.547,-33.121,160.256
77.04,2658.89,-33.152,160.314
77.09,2657.231,-33.182,160.314
77.14,2655.572,-33.212,160.256
77.19,2653.91,-33.242,160.314
77.24,2652.247,-33.271,160.256
77.29,2650.583,-33.301,160.199
77.34,2648.917,-33.331,160.256
77.39,2647.25,-33.361,160.199
77.44,2645.581,-33.393,160.142
77.49,2643.911,-33.425,160.199
77.54,2642.239,-33.458,160.256
77.59,2640.565,-33.491,160.256
77.64,2638.89,-33.526,160.314
77.69,2637.212,-33.561,160.371
77.74,2635.533,-33.597,160.428
77.79,2633.853,-33.634,160.485
77.84,2632.17,-33.672,160.543
77.89,2630.485,-33.71,160.485
77.94,2628.799,-33.75,160.485
77.99,2627.111,-33.789,160.485
78.04,2625.42,-33.829,160.543
78.09,2623.728,-33.868,160.6
78.14,2622.033,-33.906,160.6
78.19,2620.337,-33.944,160.543
78.24,2618.639,-33.981,160.485
78.29,2616.939,-34.017,160.485
78.34,2615.237,-34.051,160.485
78.39,2613.534,-34.084,160.485
78.44,2611.829,-34.115,160.428
78.49,2610.122,-34.145,160.314
78.54,2608.415,-34.173,160.256
78.59,2606.705,-34.2,160.199
78.64,2604.995,-34.226,160.142
78.69,2603.283,-34.251,160.027
78.74,2601.569,-34.276,160.027
78.79,2599.855,-34.301,159.97
78.84,2598.139,-34.327,160.027
78.89,2596.422,-34.352,160.027
78.94,2594.704,-34.378,160.084
78.99,2592.984,-34.406,160.142
79.04,2591.263,-34.434,160.256
79.09,2589.541,-34.464,160.371
79.14,2587.817,-34.495,160.428
79.19,2586.092,-34.527,160.428
79.24,2584.364,-34.562,160.485
79.29,2582.635,-34.598,160.428
79.34,2580.904,-34.636,160.485
79.39,2579.172,-34.674,160.543
79.44,2577.437,-34.713,160.6
79.49,2575.7,-34.752,160.657
79.54,2573.962,-34.791,160.657
79.59,2572.221,-34.829,160.657
79.64,2570.479,-34.866,160.657
79.69,2568.735,-34.902,160.657
79.74,2566.989,-34.937,160.543
79.79,2565.241,-34.971,160.428
79.84,2563.492,-35.003,160.371
79.89,2561.741,-35.033,160.314
79.94,2559.988,-35.062,160.256
79.99,2558.235,-35.088,160.199
80.04,2556.48,-35.114,160.142
80.09,2554.723,-35.138,160.084
80.14,2552.966,-35.161,160.084
80.19,2551.207,-35.183,160.084
80.24,2549.447,-35.205,160.142
80.29,2547.687,-35.227,160.142
80.34,2545.925,-35.249,160.142
80.39,2544.162,-35.271,160.199
80.44,2542.398,-35.295,160.199
80.49,2540.632,-35.319,160.314
80.54,2538.866,-35.343,160.371
80.59,2537.098,-35.369,160.428
80.64,2535.329,-35.396,160.428
80.69,2533.558,-35.423,160.428
80.74,2531.786,-35.452,160.428
80.79,2530.013,-35.481,160.485
80.84,2528.238,-35.511,160.485
80.89,2526.462,-35.541,160.543
80.94,2524.684,-35.57,160.543
80.99,2522.905,-35.6,160.485
81.04,2521.124,-35.63,160.543
81.09,2519.342,-35.658,160.657
81.14,2517.558,-35.684,160.6
81.19,2515.774,-35.71,160.485
81.24,2513.988,-35.735,160.428
81.29,2512.2,-35.759,160.256
81.34,2510.412,-35.782,160.199
81.39,2508.622,-35.804,160.199
81.44,2506.831,-35.825,160.142
81.49,2505.04,-35.845,160.084
81.54,2503.247,-35.865,160.084
81.59,2501.453,-35.885,160.142
81.64,2499.658,-35.903,160.256
81.69,2497.863,-35.922,160.314
81.74,2496.066,-35.941,160.314
81.79,2494.269,-35.96,160.371
81.84,2492.47,-35.98,160.371
81.89,2490.671,-36,160.371
81.94,2488.87,-36.02,160.371
81.99,2487.069,-36.041,160.314
82.04,2485.266,-36.063,160.314
82.09,2483.462,-36.085,160.428
82.14,2481.657,-36.107,160.428
82.19,2479.852,-36.128,160.485
82.24,2478.045,-36.15,160.543
82.29,2476.237,-36.17,160.6
82.34,2474.428,-36.189,160.657
82.39,2472.618,-36.208,160.543
82.44,2470.807,-36.225,160.543
82.49,2468.995,-36.241,160.543
82.54,2467.183,-36.256,160.485
82.59,2465.37,-36.268,160.485
82.64,2463.556,-36.278,160.428
82.69,2461.742,-36.286,160.371
82.74,2459.928,-36.292,160.314
82.79,2458.113,-36.296,160.256
82.84,2456.298,-36.298,160.199
82.89,2454.483,-36.299,160.084
82.94,2452.668,-36.299,160.027
82.99,2450.853,-36.299,160.027
83.04,2449.038,-36.298,159.97
83.09,2447.223,-36.297,160.027
83.14,2445.408,-36.297,160.084
83.19,2443.594,-36.297,160.142
83.24,2441.779,-36.298,160.199
83.29,2439.964,-36.302,160.142
83.34,2438.149,-36.307,160.199
83.39,2436.333,-36.314,160.256
83.44,2434.517,-36.323,160.428
83.49,2432.701,-36.334,160.485
83.54,2430.884,-36.346,160.543
83.59,2429.066,-36.359,160.6
83.64,2427.248,-36.374,160.657
83.69,2425.429,-36.389,160.657
83.74,2423.609,-36.405,160.715
83.79,2421.788,-36.42,160.715
83.84,2419.967,-36.434,160.715
83.89,2418.145,-36.448,160.715
83.94,2416.322,-36.459,160.657
83.99,2414.499,-36.469,160.485
84.04,2412.675,-36.477,160.428
84.09,2410.851,-36.483,160.371
84.14,2409.027,-36.487,160.314
84.19,2407.203,-36.488,160.199
84.24,2405.378,-36.488,160.142
84.29,2403.554,-36.485,160.142
84.34,2401.73,-36.481,160.084
84.39,2399.906,-36.476,160.027
84.44,2398.082,-36.471,159.97
84.49,2396.259,-36.466,159.913
84.54,2394.435,-36.462,159.913
84.59,2392.612,-36.459,159.97
84.64,2390.789,-36.457,160.027
84.69,2388.967,-36.457,160.199
84.74,2387.144,-36.458,160.256
84.79,2385.321,-36.462,160.371
84.84,2383.498,-36.468,160.371
84.89,2381.674,-36.477,160.485
84.94,2379.85,-36.487,160.485
84.99,2378.025,-36.5,160.543
85.04,2376.2,-36.514,160.543
85.09,2374.374,-36.53,160.6
85.14,2372.547,-36.547,160.6
85.19,2370.719,-36.564,160.657
85.24,2368.89,-36.581,160.657
85.29,2367.061,-36.598,160.657
85.34,2365.231,-36.614,160.657
85.39,2363.399,-36.629,160.6
85.44,2361.568,-36.642,160.543
85.49,2359.735,-36.654,160.543
85.54,2357.902,-36.663,160.485
85.59,2356.069,-36.67,160.428
85.64,2354.235,-36.676,160.314
85.69,2352.401,-36.679,160.256
85.74,2350.568,-36.679,160.199
85.79,2348.734,-36.678,160.199
85.84,2346.9,-36.675,160.142
85.89,2345.066,-36.67,160.084
85.94,2343.233,-36.665,160.027
85.99,2341.4,-36.659,160.084
86.04,2339.567,-36.652,160.084
86.09,2337.734,-36.646,160.084
86.14,2335.902,-36.64,160.142
86.19,2334.07,-36.634,160.199
86.24,2332.239,-36.63,160.256
86.29,2330.407,-36.626,160.314
86.34,2328.576,-36.623,160.485
86.39,2326.745,-36.621,160.543
86.44,2324.914,-36.619,160.543
86.49,2323.083,-36.619,160.543
86.54,2321.252,-36.618,160.6
86.59,2319.421,-36.617,160.543
86.64,2317.59,-36.616,160.6
86.69,2315.76,-36.614,160.6
86.74,2313.929,-36.611,160.6
86.79,2312.099,-36.606,160.485
86.84,2310.268,-36.601,160.371
86.89,2308.439,-36.594,160.371
86.94,2306.609,-36.586,160.256
86.99,2304.78,-36.576,160.142
87.04,2302.951,-36.565,160.084
87.09,2301.123,-36.554,160.027
87.14,2299.296,-36.542,160.027
87.19,2297.469,-36.53,159.97
87.24,2295.643,-36.518,160.027
87.29,2293.817,-36.508,160.027
87.34,2291.992,-36.498,160.084
87.39,2290.168,-36.49,160.199
87.44,2288.343,-36.483,160.256
87.49,2286.519,-36.479,160.314
87.54,2284.695,-36.476,160.371
87.59,2282.872,-36.476,160.428
87.64,2281.048,-36.477,160.543
87.69,2279.224,-36.48,160.485
87.74,2277.4,-36.484,160.6
87.79,2275.576,-36.489,160.657
87.84,2273.751,-36.494,160.772
87.89,2271.926,-36.5,160.715
87.94,2270.101,-36.505,160.715
87.99,2268.276,-36.509,160.6
88.04,2266.45,-36.512,160.6
88.09,2264.624,-36.514,160.543
88.14,2262.799,-36.514,160.428
88.19,2260.973,-36.512,160.314
88.24,2259.148,-36.509,160.256
88.29,2257.322,-36.503,160.199
88.34,2255.497,-36.496,160.256
88.39,2253.673,-36.486,160.199
88.44,2251.849,-36.476,160.142
88.49,2250.025,-36.464,160.084
88.54,2248.202,-36.453,160.084
88.59,2246.38,-36.441,160.027
88.64,2244.558,-36.429,160.084
88.69,2242.737,-36.418,160.084
88.74,2240.916,-36.408,160.142
88.79,2239.096,-36.399,160.142
88.84,2237.276,-36.392,160.199
88.89,2235.457,-36.387,160.314
88.94,2233.638,-36.383,160.371
88.99,2231.819,-36.38,160.485
89.04,2230,-36.379,160.543
89.09,2228.181,-36.379,160.6
89.14,2226.362,-36.38,160.543
89.19,2224.543,-36.383,160.543
89.24,2222.723,-36.386,160.6
89.29,2220.904,-36.389,160.6
89.34,2219.085,-36.392,160.657
89.39,2217.265,-36.394,160.6
89.44,2215.445,-36.395,160.543
89.49,2213.625,-36.394,160.543
89.54,2211.806,-36.392,160.485
89.59,2209.986,-36.389,160.371
89.64,2208.167,-36.385,160.256
89.69,2206.348,-36.378,160.256
89.74,2204.529,-36.37,160.199
89.79,2202.711,-36.36,160.314
89.84,2200.893,-36.348,160.256
89.89,2199.076,-36.335,160.199
89.94,2197.26,-36.322,160.142
89.99,2195.444,-36.307,160.199
90.04,2193.629,-36.292,160.256
90.09,2191.815,-36.276,160.256
90.14,2190.001,-36.26,160.199
90.19,2188.189,-36.245,160.199
90.24,2186.377,-36.231,160.199
90.29,2184.566,-36.217,160.199
90.34,2182.755,-36.203,160.256
90.39,2180.945,-36.191,160.256
90.44,2179.136,-36.18,160.314
90.49,2177.327,-36.17,160.428
90.54,2175.519,-36.16,160.543
90.59,2173.711,-36.15,160.543
90.64,2171.904,-36.141,160.543
90.69,2170.097,-36.132,160.543
90.74,2168.291,-36.123,160.485
90.79,2166.485,-36.115,160.485
90.84,2164.679,-36.106,160.485
90.89,2162.874,-36.096,160.428
90.94,2161.07,-36.085,160.428
90.99,2159.266,-36.074,160.371
91.04,2157.462,-36.062,160.314
91.09,2155.66,-36.049,160.256
91.14,2153.857,-36.035,160.256
91.19,2152.056,-36.021,160.256
91.24,2150.255,-36.006,160.199
91.29,2148.455,-35.991,160.256
91.34,2146.656,-35.975,160.314
91.39,2144.858,-35.958,160.314
91.44,2143.06,-35.941,160.371
91.49,2141.264,-35.923,160.428
91.54,2139.468,-35.906,160.371
91.59,2137.673,-35.888,160.371
91.64,2135.879,-35.871,160.199
91.69,2134.086,-35.856,160.142
91.74,2132.294,-35.841,160.142
91.79,2130.502,-35.825,160.199
91.84,2128.711,-35.81,160.314
91.89,2126.921,-35.795,160.371
91.94,2125.132,-35.781,160.371
91.99,2123.343,-35.767,160.371
92.04,2121.555,-35.754,160.428
92.09,2119.768,-35.741,160.485
92.14,2117.981,-35.728,160.428
92.19,2116.195,-35.716,160.428
92.24,2114.409,-35.705,160.371
92.29,2112.624,-35.694,160.314
92.34,2110.84,-35.683,160.256
92.39,2109.056,-35.673,160.256
92.44,2107.273,-35.662,160.256
92.49,2105.49,-35.652,160.256
92.54,2103.707,-35.643,160.314
92.59,2101.925,-35.633,160.371
92.64,2100.144,-35.623,160.371
92.69,2098.363,-35.614,160.371
92.74,2096.583,-35.605,160.428
92.79,2094.803,-35.597,160.428
92.84,2093.023,-35.588,160.485
92.89,2091.244,-35.578,160.485
92.94,2089.465,-35.569,160.543
92.99,2087.687,-35.558,160.543
93.04,2085.909,-35.547,160.485
93.09,2084.132,-35.535,160.428
93.14,2082.356,-35.522,160.371
93.19,2080.58,-35.509,160.314
93.24,2078.805,-35.495,160.256
93.29,2077.031,-35.48,160.199
93.34,2075.257,-35.465,160.142
93.39,2073.484,-35.449,160.084
93.44,2071.712,-35.434,160.027
93.49,2069.941,-35.42,160.142
93.54,2068.17,-35.405,160.199
93.59,2066.4,-35.391,160.256
93.64,2064.631,-35.377,160.314
93.69,2062.862,-35.365,160.314
93.74,2061.095,-35.354,160.256
93.79,2059.327,-35.345,160.428
93.84,2057.56,-35.336,160.428
93.89,2055.793,-35.329,160.428
93.94,2054.027,-35.323,160.485
93.99,2052.261,-35.317,160.485
94.04,2050.495,-35.312,160.485
94.09,2048.73,-35.308,160.485
94.14,2046.965,-35.303,160.6
94.19,2045.2,-35.298,160.543
94.24,2043.435,-35.293,160.485
94.29,2041.67,-35.287,160.371
94.34,2039.906,-35.282,160.371
94.39,2038.142,-35.276,160.314
94.44,2036.378,-35.269,160.314
94.49,2034.615,-35.26,160.314
94.54,2032.852,-35.252,160.256
94.59,2031.09,-35.243,160.199
94.64,2029.328,-35.233,160.256
94.69,2027.567,-35.222,160.314
94.74,2025.806,-35.211,160.314
94.79,2024.046,-35.2,160.314
94.84,2022.286,-35.188,160.371
94.89,2020.527,-35.176,160.371
94.94,2018.768,-35.164,160.371
94.99,2017.011,-35.151,160.428
95.04,2015.253,-35.138,160.371
95.09,2013.497,-35.125,160.314
95.14,2011.741,-35.113,160.199
95.19,2009.985,-35.101,160.256
95.24,2008.231,-35.09,160.256
95.29,2006.476,-35.078,160.256
95.34,2004.723,-35.066,160.314
95.39,2002.97,-35.054,160.428
95.44,2001.217,-35.042,160.428
95.49,1999.466,-35.031,160.371
95.54,1997.714,-35.02,160.428
95.59,1995.964,-35.009,160.428
95.64,1994.213,-34.999,160.428
95.69,1992.464,-34.988,160.314
95.74,1990.715,-34.978,160.371
95.79,1988.966,-34.968,160.371
95.84,1987.218,-34.957,160.428
95.89,1985.47,-34.945,160.428
95.94,1983.723,-34.934,160.428
95.99,1981.977,-34.922,160.428
96.04,1980.231,-34.908,160.428
96.09,1978.486,-34.895,160.428
96.14,1976.742,-34.88,160.428
96.19,1974.998,-34.864,160.428
96.24,1973.255,-34.848,160.314
96.29,1971.513,-34.831,160.256
96.34,1969.772,-34.814,160.256
96.39,1968.032,-34.796,160.199
96.44,1966.292,-34.779,160.084
96.49,1964.554,-34.761,160.199
96.54,1962.816,-34.743,160.199
96.59,1961.08,-34.725,160.256
96.64,1959.344,-34.708,160.256
96.69,1957.609,-34.69,160.314
96.74,1955.875,-34.674,160.314
96.79,1954.141,-34.658,160.371
96.84,1952.409,-34.643,160.428
96.89,1950.677,-34.627,160.485
96.94,1948.946,-34.612,160.485
96.99,1947.216,-34.598,160.485
97.04,1945.486,-34.583,160.485
97.09,1943.758,-34.569,160.485
97.14,1942.029,-34.554,160.428
97.19,1940.302,-34.539,160.371
97.24,1938.576,-34.524,160.428
97.29,1936.85,-34.507,160.314
97.34,1935.125,-34.491,160.256
97.39,1933.401,-34.474,160.314
97.44,1931.677,-34.456,160.314
97.49,1929.955,-34.437,160.314
97.54,1928.234,-34.419,160.256
97.59,1926.513,-34.4,160.199
97.64,1924.794,-34.383,160.142
97.69,1923.075,-34.366,160.142
97.74,1921.357,-34.35,160.142
97.79,1919.64,-34.334,160.199
97.84,1917.924,-34.32,160.199
97.89,1916.208,-34.307,160.256
97.94,1914.493,-34.295,160.314
97.99,1912.779,-34.285,160.256
98.04,1911.065,-34.276,160.428
98.09,1909.351,-34.268,160.485
98.14,1907.638,-34.262,160.543
98.19,1905.925,-34.256,160.6
98.24,1904.212,-34.251,160.657
98.29,1902.5,-34.246,160.6
98.34,1900.787,-34.241,160.6
98.39,1899.076,-34.236,160.6
98.44,1897.364,-34.23,160.6
98.49,1895.653,-34.223,160.543
98.54,1893.942,-34.214,160.485
98.59,1892.231,-34.204,160.543
98.64,1890.521,-34.192,160.428
98.69,1888.812,-34.178,160.371
98.74,1887.104,-34.161,160.428
98.79,1885.396,-34.142,160.314
98.84,1883.689,-34.121,160.199
98.89,1881.984,-34.099,160.142
98.94,1880.279,-34.076,160.084
98.99,1878.576,-34.052,160.027
99.04,1876.874,-34.028,160.027
99.09,1875.173,-34.004,160.027
99.14,1873.474,-33.98,160.027
99.19,1871.775,-33.956,160.084
99.24,1870.078,-33.935,160.027
99.29,1868.382,-33.916,159.97
99.34,1866.687,-33.9,160.084
99.39,1864.992,-33.886,160.199
99.44,1863.298,-33.874,160.314
99.49,1861.604,-33.866,160.314
99.54,1859.911,-33.86,160.371
99.59,1858.218,-33.858,160.485
99.64,1856.525,-33.857,160.6
99.69,1854.833,-33.859,160.715
99.74,1853.14,-33.861,160.772
99.79,1851.446,-33.864,160.829
99.84,1849.753,-33.867,160.887
99.89,1848.06,-33.87,160.829
99.94,1846.366,-33.873,160.715
99.99,1844.673,-33.874,160.6
100.04,1842.979,-33.874,160.543
100.09,1841.285,-33.871,160.485
100.14,1839.592,-33.866,160.371
100.19,1837.899,-33.859,160.256
100.24,1836.206,-33.851,160.142
100.29,1834.514,-33.84,160.027
100.34,1832.822,-33.827,160.027
100.39,1831.131,-33.814,159.97
100.44,1829.441,-33.799,159.97
100.49,1827.751,-33.784,159.97
100.54,1826.062,-33.77,159.97
100.59,1824.374,-33.756,160.084
100.64,1822.687,-33.742,160.199
100.69,1821,-33.73,160.199
100.74,1819.313,-33.72,160.314
100.79,1817.628,-33.711,160.371
100.84,1815.942,-33.705,160.371
100.89,1814.257,-33.7,160.485
100.94,1812.572,-33.696,160.543
100.99,1810.888,-33.694,160.543
101.04,1809.203,-33.693,160.543
101.09,1807.518,-33.692,160.657
101.14,1805.834,-33.692,160.657
101.19,1804.149,-33.691,160.6
101.24,1802.465,-33.691,160.6
101.29,1800.78,-33.689,160.6
101.34,1799.096,-33.686,160.543
101.39,1797.411,-33.681,160.543
101.44,1795.728,-33.674,160.543
101.49,1794.044,-33.665,160.428
101.54,1792.361,-33.654,160.428
101.59,1790.679,-33.64,160.371
101.64,1788.997,-33.625,160.256
101.69,1787.316,-33.607,160.199
101.74,1785.636,-33.588,160.142
101.79,1783.957,-33.568,160.027
101.84,1782.28,-33.547,160.027
101.89,1780.603,-33.525,159.913
101.94,1778.927,-33.504,159.97
101.99,1777.252,-33.483,160.027
102.04,1775.579,-33.462,160.142
102.09,1773.906,-33.441,160.256
102.14,1772.235,-33.422,160.314
102.19,1770.564,-33.403,160.371
102.24,1768.894,-33.387,160.428
102.29,1767.225,-33.372,160.485
102.34,1765.557,-33.357,160.543
102.39,1763.89,-33.344,160.543
102.44,1762.223,-33.332,160.543
102.49,1760.556,-33.32,160.543
102.54,1758.891,-33.308,160.485
102.59,1757.226,-33.297,160.485
102.64,1755.561,-33.285,160.428
102.69,1753.897,-33.273,160.371
102.74,1752.234,-33.261,160.314
102.79,1750.571,-33.248,160.371
102.84,1748.909,-33.234,160.371
102.89,1747.248,-33.219,160.314
102.94,1745.587,-33.204,160.256
102.99,1743.927,-33.19,160.199
103.04,1742.268,-33.175,160.142
103.09,1740.61,-33.16,160.142
103.14,1738.952,-33.146,160.199
103.19,1737.295,-33.132,160.142
103.24,1735.639,-33.12,160.199
103.29,1733.983,-33.108,160.256
103.34,1732.328,-33.097,160.256
103.39,1730.673,-33.087,160.314
103.44,1729.019,-33.079,160.314
103.49,1727.366,-33.072,160.371
103.54,1725.712,-33.067,160.371
103.59,1724.059,-33.063,160.428
103.64,1722.406,-33.06,160.485
103.69,1720.753,-33.057,160.543
103.74,1719.1,-33.055,160.543
103.79,1717.447,-33.054,160.543
103.84,1715.795,-33.053,160.543
103.89,1714.142,-33.051,160.543
103.94,1712.489,-33.049,160.428
103.99,1710.837,-33.048,160.428
104.04,1709.185,-33.046,160.428
104.09,1707.533,-33.042,160.371
104.14,1705.881,-33.038,160.314
104.19,1704.229,-33.033,160.314
104.24,1702.577,-33.027,160.256
104.29,1700.926,-33.021,160.199
104.34,1699.275,-33.015,160.199
104.39,1697.625,-33.008,160.256
104.44,1695.974,-33,160.314
104.49,1694.325,-32.992,160.314
104.54,1692.675,-32.984,160.199
104.59,1691.026,-32.978,160.256
104.64,1689.377,-32.971,160.256
104.69,1687.729,-32.965,160.256
104.74,1686.081,-32.959,160.371
104.79,1684.433,-32.954,160.428
104.84,1682.786,-32.949,160.371
104.89,1681.138,-32.945,160.314
104.94,1679.491,-32.943,160.371
104.99,1677.844,-32.94,160.485
105.04,1676.197,-32.937,160.428
105.09,1674.55,-32.936,160.485
105.14,1672.904,-32.934,160.428
105.19,1671.257,-32.932,160.485
105.24,1669.61,-32.93,160.543
105.29,1667.964,-32.926,160.543
105.34,1666.318,-32.922,160.485
105.39,1664.672,-32.917,160.485
105.44,1663.026,-32.911,160.428
105.49,1661.381,-32.905,160.371
105.54,1659.736,-32.897,160.371
105.59,1658.091,-32.888,160.314
105.64,1656.447,-32.878,160.256
105.69,1654.803,-32.868,160.142
105.74,1653.16,-32.857,160.142
105.79,1651.517,-32.846,160.142
105.84,1649.875,-32.835,160.027
105.89,1648.234,-32.826,160.027
105.94,1646.593,-32.816,160.084
105.99,1644.952,-32.808,160.142
106.04,1643.312,-32.8,160.199
106.09,1641.672,-32.794,160.256
106.14,1640.033,-32.79,160.314
106.19,1638.393,-32.788,160.371
106.24,1636.754,-32.787,160.428
106.29,1635.114,-32.787,160.543
106.34,1633.475,-32.789,160.6
106.39,1631.835,-32.791,160.6
106.44,1630.196,-32.795,160.657
106.49,1628.556,-32.798,160.657
106.54,1626.916,-32.801,160.715
106.59,1625.276,-32.804,160.657
106.64,1623.636,-32.805,160.657
106.69,1621.995,-32.805,160.6
106.74,1620.355,-32.803,160.543
106.79,1618.715,-32.8,160.428
106.84,1617.075,-32.795,160.314
106.89,1615.436,-32.788,160.256
106.94,1613.796,-32.78,160.142
106.99,1612.158,-32.77,160.142
107.04,1610.519,-32.759,160.027
107.09,1608.882,-32.747,160.084
107.14,1607.245,-32.735,159.97
107.19,1605.608,-32.723,159.97
107.24,1603.972,-32.712,160.027
107.29,1602.337,-32.703,159.97
107.34,1600.702,-32.695,160.027
107.39,1599.068,-32.689,160.084
107.44,1597.433,-32.685,160.199
107.49,1595.799,-32.683,160.256
107.54,1594.165,-32.685,160.256
107.59,1592.53,-32.69,160.371
107.64,1590.896,-32.698,160.485
107.69,1589.261,-32.707,160.543
107.74,1587.625,-32.718,160.657
107.79,1585.989,-32.73,160.772
107.84,1584.352,-32.743,160.887
107.89,1582.714,-32.755,160.944
107.94,1581.076,-32.768,160.944
107.99,1579.438,-32.779,160.887
108.04,1577.799,-32.788,160.887
108.09,1576.159,-32.794,160.772
108.14,1574.519,-32.798,160.6
108.19,1572.879,-32.799,160.543
108.24,1571.239,-32.796,160.371
108.29,1569.6,-32.79,160.199
108.34,1567.96,-32.781,160.027
108.39,1566.322,-32.77,159.913
108.44,1564.683,-32.756,159.855
108.49,1563.046,-32.741,159.798
108.54,1561.409,-32.724,159.855
108.59,1559.774,-32.705,159.913
108.64,1558.139,-32.686,159.97
108.69,1556.505,-32.669,159.97
108.74,1554.872,-32.653,160.027
108.79,1553.24,-32.64,160.084
108.84,1551.608,-32.629,160.142
108.89,1549.977,-32.621,160.199
108.94,1548.346,-32.617,160.256
108.99,1546.715,-32.617,160.256
109.04,1545.084,-32.62,160.314
109.09,1543.453,-32.626,160.428
109.14,1541.821,-32.636,160.428
109.19,1540.189,-32.649,160.543
109.24,1538.556,-32.664,160.657
109.29,1536.923,-32.68,160.829
109.34,1535.288,-32.697,160.829
109.39,1533.653,-32.715,160.829
109.44,1532.017,-32.734,160.829
109.49,1530.38,-32.752,160.829
109.54,1528.742,-32.769,160.829
109.59,1527.103,-32.784,160.772
109.64,1525.463,-32.797,160.657
109.69,1523.823,-32.808,160.485
109.74,1522.183,-32.816,160.371
109.79,1520.542,-32.822,160.314
109.84,1518.901,-32.825,160.199
109.89,1517.259,-32.824,160.142
109.94,1515.618,-32.822,160.027
109.99,1513.977,-32.818,159.913
110.04,1512.336,-32.814,159.855
110.09,1510.696,-32.809,159.798
110.14,1509.055,-32.805,159.798
110.19,1507.415,-32.801,159.855
110.24,1505.775,-32.799,159.913
110.29,1504.135,-32.799,159.97
110.34,1502.495,-32.801,160.084
110.39,1500.855,-32.805,160.256
110.44,1499.215,-32.813,160.371
110.49,1497.574,-32.823,160.428
110.54,1495.932,-32.837,160.6
110.59,1494.29,-32.852,160.715
110.64,1492.647,-32.869,160.829
110.69,1491.003,-32.888,160.944
110.74,1489.358,-32.906,161.001
110.79,1487.713,-32.925,161.001
110.84,1486.066,-32.942,160.944
110.89,1484.418,-32.959,160.887
110.94,1482.77,-32.973,160.772
110.99,1481.121,-32.985,160.6
111.04,1479.472,-32.994,160.428
111.09,1477.822,-33.001,160.314
111.14,1476.172,-33.004,160.256
111.19,1474.521,-33.003,160.142
111.24,1472.871,-33,160.027
111.29,1471.222,-32.994,159.97
111.34,1469.572,-32.986,159.97
111.39,1467.923,-32.976,159.97
111.44,1466.274,-32.965,159.97
111.49,1464.626,-32.952,160.084
111.54,1462.979,-32.94,160.084
111.59,1461.333,-32.927,160.199
111.64,1459.686,-32.915,160.199
111.69,1458.041,-32.905,160.142
111.74,1456.396,-32.897,160.199
111.79,1454.751,-32.891,160.314
111.84,1453.107,-32.885,160.371
111.89,1451.463,-32.881,160.543
111.94,1449.819,-32.876,160.6
111.99,1448.175,-32.873,160.657
112.04,1446.531,-32.871,160.657
112.09,1444.888,-32.869,160.6
112.14,1443.245,-32.868,160.6
112.19,1441.601,-32.865,160.715
112.24,1439.958,-32.86,160.715
112.29,1438.315,-32.854,160.657
112.34,1436.673,-32.846,160.6
112.39,1435.031,-32.836,160.543
112.44,1433.389,-32.824,160.314
112.49,1431.748,-32.812,160.142
112.54,1430.108,-32.797,160.084
112.59,1428.468,-32.781,160.027
112.64,1426.83,-32.764,159.97
112.69,1425.192,-32.746,159.913
112.74,1423.555,-32.728,159.855
112.79,1421.919,-32.712,159.855
112.84,1420.284,-32.696,159.97
112.89,1418.65,-32.682,160.027
112.94,1417.016,-32.67,160.027
112.99,1415.383,-32.661,160.142
113.04,1413.75,-32.655,160.256
113.09,1412.117,-32.652,160.428
113.14,1410.484,-32.651,160.428
113.19,1408.852,-32.654,160.543
113.24,1407.219,-32.659,160.6
113.29,1405.586,-32.667,160.657
113.34,1403.952,-32.676,160.772
113.39,1402.318,-32.686,160.772
113.44,1400.684,-32.697,160.715
113.49,1399.049,-32.709,160.657
113.54,1397.413,-32.721,160.657
113.59,1395.777,-32.731,160.657
113.64,1394.14,-32.741,160.6
113.69,1392.502,-32.749,160.543
113.74,1390.865,-32.755,160.428
113.79,1389.227,-32.76,160.371
113.84,1387.589,-32.763,160.314
113.89,1385.951,-32.764,160.142
113.94,1384.313,-32.764,160.199
113.99,1382.674,-32.761,160.142
114.04,1381.036,-32.758,160.027
114.09,1379.399,-32.755,159.97
114.14,1377.761,-32.751,160.027
114.19,1376.124,-32.746,160.084
114.24,1374.486,-32.742,160.084
114.29,1372.849,-32.739,160.199
114.34,1371.212,-32.736,160.256
114.39,1369.576,-32.735,160.256
114.44,1367.939,-32.735,160.371
114.49,1366.302,-32.736,160.428
114.54,1364.665,-32.738,160.485
114.59,1363.028,-32.741,160.485
114.64,1361.391,-32.745,160.543
114.69,1359.754,-32.749,160.6
114.74,1358.116,-32.754,160.543
114.79,1356.478,-32.76,160.6
114.84,1354.84,-32.764,160.6
114.89,1353.202,-32.768,160.6
114.94,1351.564,-32.771,160.6
114.99,1349.925,-32.772,160.485
115.04,1348.286,-32.773,160.428
115.09,1346.648,-32.772,160.485
115.14,1345.009,-32.768,160.428
115.19,1343.371,-32.762,160.428
115.24,1341.733,-32.755,160.371
115.29,1340.096,-32.746,160.256
115.34,1338.459,-32.735,160.199
115.39,1336.822,-32.723,160.142
115.44,1335.186,-32.711,160.084
115.49,1333.551,-32.698,160.027
115.54,1331.916,-32.685,160.027
115.59,1330.283,-32.672,159.913
115.64,1328.649,-32.661,160.027
115.69,1327.016,-32.65,159.97
115.74,1325.384,-32.643,159.97
115.79,1323.752,-32.638,160.027
115.84,1322.12,-32.636,160.084
115.89,1320.488,-32.637,160.199
115.94,1318.857,-32.64,160.371
115.99,1317.224,-32.645,160.543
116.04,1315.592,-32.652,160.772
116.09,1313.959,-32.662,160.772
116.14,1312.326,-32.673,160.772
116.19,1310.692,-32.686,160.829
116.24,1309.057,-32.699,160.887
116.29,1307.422,-32.712,160.887
116.34,1305.786,-32.724,160.829
116.39,1304.15,-32.734,160.715
116.44,1302.513,-32.744,160.657
116.49,1300.875,-32.75,160.6
116.54,1299.238,-32.753,160.485
116.59,1297.6,-32.754,160.371
116.64,1295.962,-32.752,160.199
116.69,1294.325,-32.748,160.142
116.74,1292.688,-32.741,160.084
116.79,1291.051,-32.732,160.027
116.84,1289.414,-32.721,159.97
116.89,1287.779,-32.709,159.913
116.94,1286.143,-32.696,160.027
116.99,1284.509,-32.682,160.084
117.04,1282.875,-32.669,160.027
117.09,1281.242,-32.657,160.027
117.14,1279.609,-32.647,160.027
117.19,1277.977,-32.64,160.084
117.24,1276.345,-32.634,160.142
117.29,1274.714,-32.631,160.256
117.34,1273.082,-32.631,160.314
117.39,1271.451,-32.633,160.428
117.44,1269.819,-32.637,160.543
117.49,1268.187,-32.643,160.657
117.54,1266.554,-32.651,160.657
117.59,1264.922,-32.661,160.715
117.64,1263.288,-32.671,160.772
117.69,1261.655,-32.681,160.715
117.74,1260.02,-32.692,160.657
117.79,1258.385,-32.704,160.543
117.84,1256.75,-32.715,160.485
117.89,1255.114,-32.724,160.543
117.94,1253.478,-32.731,160.543
117.99,1251.841,-32.737,160.485
118.04,1250.204,-32.74,160.485
118.09,1248.567,-32.742,160.371
118.14,1246.93,-32.741,160.314
118.19,1245.293,-32.739,160.199
118.24,1243.656,-32.737,160.084
118.29,1242.019,-32.733,160.084
118.34,1240.383,-32.728,160.027
118.39,1238.746,-32.723,159.97
118.44,1237.11,-32.719,159.913
118.49,1235.474,-32.715,160.027
118.54,1233.839,-32.711,160.084
118.59,1232.203,-32.709,160.084
118.64,1230.568,-32.709,160.256
118.69,1228.932,-32.709,160.371
118.74,1227.297,-32.711,160.485
118.79,1225.661,-32.715,160.543
118.84,1224.025,-32.721,160.543
118.89,1222.389,-32.728,160.6
118.94,1220.753,-32.735,160.657
118.99,1219.116,-32.744,160.657
119.04,1217.478,-32.752,160.657
119.09,1215.84,-32.76,160.657
119.14,1214.202,-32.767,160.715
119.19,1212.564,-32.773,160.657
119.24,1210.925,-32.777,160.6
119.29,1209.286,-32.779,160.543
119.34,1207.647,-32.779,160.485
119.39,1206.008,-32.777,160.371
119.44,1204.369,-32.772,160.371
119.49,1202.731,-32.764,160.314
119.54,1201.093,-32.754,160.199
119.59,1199.456,-32.742,160.084
119.64,1197.819,-32.73,159.97
119.69,1196.183,-32.716,160.027
119.74,1194.547,-32.7,160.027
119.79,1192.913,-32.684,160.027
119.84,1191.279,-32.669,160.027
119.89,1189.646,-32.654,159.97
119.94,1188.013,-32.642,160.084
119.99,1186.382,-32.63,160.027
120.04,1184.75,-32.622,160.084
120.09,1183.119,-32.616,160.199
120.14,1181.489,-32.612,160.256
120.19,1179.858,-32.611,160.428
120.24,1178.227,-32.612,160.428
120.29,1176.597,-32.617,160.485
120.34,1174.966,-32.624,160.543
120.39,1173.334,-32.633,160.6
120.44,1171.702,-32.643,160.657
120.49,1170.07,-32.655,160.715
120.54,1168.437,-32.667,160.715
120.59,1166.803,-32.679,160.772
120.64,1165.169,-32.691,160.829
120.69,1163.534,-32.701,160.715
120.74,1161.899,-32.71,160.715
120.79,1160.263,-32.717,160.715
120.84,1158.627,-32.721,160.543
120.89,1156.991,-32.723,160.485
120.94,1155.355,-32.722,160.314
120.99,1153.719,-32.719,160.256
121.04,1152.083,-32.713,160.199
121.09,1150.448,-32.705,160.084
121.14,1148.813,-32.694,160.027
121.19,1147.178,-32.682,159.913
121.24,1145.544,-32.67,159.798
121.29,1143.911,-32.658,159.855
121.34,1142.279,-32.646,159.855
121.39,1140.647,-32.636,159.855
121.44,1139.015,-32.627,159.97
121.49,1137.384,-32.62,160.084
121.54,1135.753,-32.615,160.256
121.59,1134.122,-32.613,160.314
121.64,1132.492,-32.614,160.371
121.69,1130.861,-32.618,160.485
121.74,1129.23,-32.624,160.6
121.79,1127.598,-32.633,160.715
121.84,1125.967,-32.642,160.829
121.89,1124.334,-32.653,160.887
121.94,1122.701,-32.664,160.887
121.99,1121.068,-32.675,160.944
122.04,1119.434,-32.685,160.944
122.09,1117.799,-32.693,160.772
122.14,1116.164,-32.699,160.657
122.19,1114.529,-32.704,160.543
122.24,1112.894,-32.705,160.428
122.29,1111.259,-32.704,160.314
122.34,1109.624,-32.7,160.199
122.39,1107.989,-32.693,160.142
122.44,1106.355,-32.682,160.084
122.49,1104.721,-32.67,160.027
122.54,1103.088,-32.655,160.027
122.59,1101.455,-32.64,159.97
122.64,1099.824,-32.624,159.97
122.69,1098.193,-32.608,159.913
122.74,1096.563,-32.593,159.913
122.79,1094.934,-32.579,160.084
122.84,1093.305,-32.566,160.142
122.89,1091.677,-32.555,160.199
122.94,1090.049,-32.546,160.256
122.99,1088.422,-32.54,160.256
123.04,1086.795,-32.537,160.314
123.09,1085.169,-32.537,160.371
123.14,1083.542,-32.539,160.485
123.19,1081.915,-32.542,160.485
123.24,1080.287,-32.549,160.6
123.29,1078.66,-32.556,160.6
123.34,1077.032,-32.566,160.657
123.39,1075.403,-32.576,160.657
123.44,1073.774,-32.586,160.715
123.49,1072.145,-32.595,160.772
123.54,1070.515,-32.604,160.772
123.59,1068.884,-32.611,160.715
123.64,1067.254,-32.617,160.6
123.69,1065.623,-32.622,160.428
123.74,1063.991,-32.626,160.314
123.79,1062.36,-32.628,160.256
123.84,1060.729,-32.627,160.199
123.89,1059.097,-32.625,160.142
123.94,1057.466,-32.621,160.084
123.99,1055.835,-32.617,160.027
124.04,1054.204,-32.611,160.084
124.09,1052.574,-32.605,160.027
124.14,1050.944,-32.598,160.199
124.19,1049.314,-32.591,160.256
124.24,1047.685,-32.583,160.371
124.29,1046.056,-32.575,160.371
124.34,1044.427,-32.568,160.428
124.39,1042.799,-32.562,160.428
124.44,1041.171,-32.556,160.485
124.49,1039.543,-32.551,160.428
124.54,1037.916,-32.546,160.371
124.59,1036.289,-32.543,160.314
124.64,1034.662,-32.54,160.256
124.69,1033.035,-32.538,160.256
124.74,1031.408,-32.536,160.256
124.79,1029.781,-32.535,160.314
124.84,1028.155,-32.533,160.371
124.89,1026.528,-32.532,160.371
124.94,1024.901,-32.532,160.314
124.99,1023.275,-32.533,160.428
125.04,1021.648,-32.533,160.485
125.09,1020.021,-32.533,160.485
125.14,1018.395,-32.534,160.428
125.19,1016.768,-32.536,160.428
125.24,1015.141,-32.537,160.428
125.29,1013.514,-32.537,160.428
125.34,1011.888,-32.537,160.543
125.39,1010.261,-32.536,160.543
125.44,1008.634,-32.534,160.428
125.49,1007.007,-32.533,160.314
125.54,1005.381,-32.531,160.314
125.59,1003.754,-32.528,160.314
125.64,1002.128,-32.524,160.256
125.69,1000.502,-32.52,160.256
125.74,998.876,-32.515,160.256
125.79,997.25,-32.51,160.199
125.84,995.625,-32.505,160.256
125.89,994,-32.499,160.314
125.94,992.375,-32.493,160.314
125.99,990.75,-32.488,160.371
126.04,989.126,-32.482,160.314
126.09,987.502,-32.478,160.256
126.14,985.878,-32.475,160.199
126.19,984.255,-32.473,160.256
126.24,982.631,-32.471,160.256
126.29,981.008,-32.47,160.314
126.34,979.384,-32.47,160.314
126.39,977.761,-32.471,160.371
126.44,976.137,-32.473,160.371
126.49,974.513,-32.476,160.485
126.54,972.889,-32.479,160.485
126.59,971.265,-32.483,160.543
126.64,969.641,-32.487,160.543
126.69,968.017,-32.491,160.543
126.74,966.392,-32.495,160.485
126.79,964.767,-32.5,160.485
126.84,963.142,-32.503,160.428
126.89,961.517,-32.507,160.371
126.94,959.891,-32.51,160.314
126.99,958.266,-32.514,160.256
127.04,956.64,-32.516,160.256
127.09,955.014,-32.518,160.256
127.14,953.388,-32.52,160.314
127.19,951.762,-32.52,160.371
127.24,950.136,-32.52,160.371
127.29,948.51,-32.52,160.371
127.34,946.884,-32.519,160.428
127.39,945.258,-32.517,160.428
127.44,943.632,-32.516,160.371
127.49,942.007,-32.513,160.371
127.54,940.381,-32.511,160.371
127.59,938.756,-32.508,160.371
127.64,937.13,-32.505,160.371
127.69,935.505,-32.501,160.371
127.74,933.88,-32.495,160.428
127.79,932.256,-32.489,160.428
127.84,930.631,-32.483,160.428
127.89,929.007,-32.476,160.314
127.94,927.384,-32.469,160.314
127.99,925.761,-32.46,160.314
128.04,924.138,-32.452,160.256
128.09,922.515,-32.444,160.256
128.14,920.893,-32.435,160.256
128.19,919.272,-32.426,160.256
128.24,917.651,-32.417,160.199
128.29,916.03,-32.41,160.199
128.34,914.41,-32.403,160.142
128.39,912.79,-32.397,160.142
128.44,911.17,-32.392,160.142
128.49,909.551,-32.389,160.199
128.54,907.931,-32.387,160.142
128.59,906.312,-32.389,160.142
128.64,904.692,-32.392,160.199
128.69,903.073,-32.397,160.371
128.74,901.453,-32.402,160.543
128.79,899.832,-32.409,160.657
128.84,898.212,-32.417,160.657
128.89,896.591,-32.427,160.715
128.94,894.969,-32.437,160.657
128.99,893.347,-32.447,160.715
129.04,891.724,-32.457,160.715
129.09,890.101,-32.465,160.772
129.14,888.478,-32.471,160.772
129.19,886.854,-32.476,160.657
129.24,885.23,-32.478,160.543
129.29,883.606,-32.479,160.428
129.34,881.983,-32.477,160.314
129.39,880.359,-32.472,160.199
129.44,878.735,-32.466,160.084
129.49,877.112,-32.458,160.027
129.54,875.49,-32.448,159.913
129.59,873.867,-32.438,159.855
129.64,872.246,-32.428,159.855
129.69,870.625,-32.418,159.855
129.74,869.004,-32.409,159.913
129.79,867.384,-32.402,160.027
129.84,865.764,-32.395,160.142
129.89,864.144,-32.391,160.371
129.94,862.525,-32.388,160.428
129.99,860.905,-32.387,160.485
130.04,859.286,-32.389,160.6
130.09,857.666,-32.392,160.772
130.14,856.047,-32.394,160.887
130.19,854.427,-32.398,160.887
130.24,852.807,-32.401,160.944
130.29,851.187,-32.402,160.944
130.34,849.567,-32.402,160.772
130.39,847.947,-32.401,160.657
130.44,846.327,-32.398,160.485
130.49,844.707,-32.392,160.371
130.54,843.088,-32.383,160.256
130.59,841.469,-32.372,160.142
130.64,839.85,-32.358,160.084
130.69,838.233,-32.341,160.027
130.74,836.616,-32.323,159.97
130.79,835.001,-32.303,159.97
130.84,833.386,-32.282,159.913
130.89,831.773,-32.263,159.913
130.94,830.16,-32.243,159.97
130.99,828.548,-32.225,159.913
131.04,826.937,-32.21,160.027
131.09,825.327,-32.196,160.142
131.14,823.718,-32.184,160.256
131.19,822.109,-32.175,160.314
131.24,820.5,-32.169,160.485
131.29,818.892,-32.164,160.543
131.34,817.284,-32.162,160.657
131.39,815.676,-32.163,160.657
131.44,814.067,-32.165,160.657
131.49,812.459,-32.168,160.715
131.54,810.851,-32.172,160.715
131.59,809.242,-32.176,160.657
131.64,807.633,-32.18,160.6
131.69,806.024,-32.184,160.657
131.74,804.415,-32.185,160.6
131.79,802.805,-32.186,160.485
131.84,801.196,-32.185,160.485
131.89,799.587,-32.181,160.371
131.94,797.978,-32.177,160.314
131.99,796.369,-32.17,160.256
132.04,794.761,-32.161,160.256
132.09,793.153,-32.151,160.199
132.14,791.546,-32.139,160.199
132.19,789.939,-32.126,160.142
132.24,788.333,-32.112,160.084
132.29,786.728,-32.098,160.084
132.34,785.124,-32.084,160.084
132.39,783.52,-32.071,160.142
132.44,781.917,-32.058,160.142
132.49,780.314,-32.047,160.084
132.54,778.712,-32.038,160.142
132.59,777.11,-32.03,160.199
132.64,775.509,-32.024,160.314
132.69,773.908,-32.02,160.485
132.74,772.307,-32.016,160.6
132.79,770.706,-32.013,160.657
132.84,769.106,-32.012,160.715
132.89,767.505,-32.011,160.715
132.94,765.904,-32.011,160.657
132.99,764.304,-32.011,160.657
133.04,762.703,-32.011,160.657
133.09,761.103,-32.009,160.657
133.14,759.502,-32.006,160.6
133.19,757.902,-32.001,160.543
133.24,756.302,-31.994,160.428
133.29,754.703,-31.987,160.256
133.34,753.104,-31.978,160.199
133.39,751.505,-31.967,160.142
133.44,749.907,-31.956,160.084
133.49,748.31,-31.943,160.084
133.54,746.713,-31.929,160.027
133.59,745.117,-31.915,159.97
133.64,743.521,-31.903,159.97
133.69,741.926,-31.892,159.97
133.74,740.332,-31.882,159.97
133.79,738.738,-31.875,160.027
133.84,737.144,-31.87,160.142
133.89,735.551,-31.867,160.199
133.94,733.958,-31.868,160.314
133.99,732.364,-31.871,160.428
134.04,730.771,-31.876,160.543
134.09,729.177,-31.884,160.657
134.14,727.582,-31.893,160.715
134.19,725.987,-31.903,160.829
134.24,724.392,-31.914,161.001
134.29,722.796,-31.924,161.001
134.34,721.199,-31.933,160.944
134.39,719.603,-31.942,160.829
134.44,718.005,-31.948,160.772
134.49,716.408,-31.952,160.657
134.54,714.81,-31.953,160.6
134.59,713.213,-31.951,160.371
134.64,711.615,-31.946,160.256
134.69,710.018,-31.937,160.199
134.74,708.421,-31.925,160.142
134.79,706.826,-31.91,160.027
134.84,705.23,-31.893,159.97
134.89,703.636,-31.874,159.97
134.94,702.043,-31.854,159.855
134.99,700.451,-31.834,159.798
135.04,698.86,-31.815,159.855
135.09,697.269,-31.796,159.855
135.14,695.68,-31.781,159.855
135.19,694.091,-31.768,159.97
135.24,692.503,-31.758,160.027
135.29,690.915,-31.751,160.142
135.34,689.328,-31.748,160.314
135.39,687.741,-31.749,160.428
135.44,686.153,-31.753,160.6
135.49,684.565,-31.759,160.715
135.54,682.977,-31.769,160.829
135.59,681.388,-31.78,160.944
135.64,679.799,-31.791,161.058
135.69,678.209,-31.803,161.001
135.74,676.619,-31.815,161.001
135.79,675.028,-31.826,160.944
135.84,673.436,-31.835,160.887
135.89,671.844,-31.841,160.715
135.94,670.252,-31.844,160.657
135.99,668.66,-31.844,160.485
136.04,667.068,-31.839,160.371
136.09,665.476,-31.83,160.256
136.14,663.885,-31.818,160.084
136.19,662.294,-31.803,159.97
136.24,660.705,-31.785,159.855
136.29,659.116,-31.765,159.798
136.34,657.528,-31.744,159.626
136.39,655.942,-31.724,159.626
136.44,654.356,-31.704,159.626
136.49,652.771,-31.687,159.626
136.54,651.187,-31.672,159.741
136.59,649.604,-31.661,159.913
136.64,648.021,-31.653,160.027
136.69,646.438,-31.651,160.142
136.74,644.856,-31.652,160.371
136.79,643.273,-31.659,160.543
136.84,641.69,-31.669,160.715
136.89,640.106,-31.683,160.887
136.94,638.522,-31.7,161.001
136.99,636.936,-31.72,161.058
137.04,635.35,-31.741,161.116
137.09,633.762,-31.762,161.116
137.14,632.173,-31.783,161.116
137.19,630.584,-31.802,161.058
137.24,628.993,-31.819,161.058
137.29,627.402,-31.831,160.887
137.34,625.81,-31.84,160.772
137.39,624.218,-31.844,160.6
137.44,622.626,-31.844,160.428
137.49,621.034,-31.837,160.314
137.54,619.442,-31.826,160.142
137.59,617.851,-31.811,159.913
137.64,616.261,-31.792,159.741
137.69,614.672,-31.77,159.626
137.74,613.084,-31.746,159.569
137.79,611.497,-31.721,159.511
137.84,609.912,-31.697,159.511
137.89,608.328,-31.674,159.569
137.94,606.745,-31.653,159.741
137.99,605.162,-31.634,159.913
138.04,603.581,-31.619,160.142
138.09,602,-31.607,160.314
138.14,600.42,-31.6,160.371
138.19,598.84,-31.599,160.543
138.24,597.26,-31.601,160.657
138.29,595.68,-31.607,160.715
138.34,594.1,-31.616,160.887
138.39,592.519,-31.628,160.944
138.44,590.937,-31.641,161.001
138.49,589.354,-31.654,161.001
138.54,587.771,-31.669,160.944
138.59,586.188,-31.683,160.829
138.64,584.603,-31.696,160.715
138.69,583.018,-31.707,160.6
138.74,581.432,-31.716,160.6
138.79,579.847,-31.721,160.543
138.84,578.26,-31.723,160.428
138.89,576.674,-31.722,160.314
138.94,575.088,-31.718,160.199
138.99,573.503,-31.711,160.084
139.04,571.917,-31.702,160.027
139.09,570.332,-31.692,159.855
139.14,568.748,-31.68,159.855
139.19,567.164,-31.668,159.798
139.24,565.581,-31.657,159.855
139.29,563.999,-31.645,159.913
139.34,562.417,-31.634,160.027
139.39,560.835,-31.626,160.027
139.44,559.254,-31.62,160.142
139.49,557.673,-31.617,160.199
139.54,556.092,-31.617,160.256
139.59,554.511,-31.621,160.314
139.64,552.93,-31.627,160.485
139.69,551.349,-31.636,160.657
139.74,549.767,-31.647,160.715
139.79,548.184,-31.66,160.772
139.84,546.601,-31.674,160.829
139.89,545.017,-31.689,160.887
139.94,543.432,-31.704,160.829
139.99,541.846,-31.719,160.829
140.04,540.26,-31.733,160.715
140.09,538.673,-31.747,160.6
140.14,537.085,-31.758,160.485
140.19,535.497,-31.768,160.485
140.24,533.908,-31.775,160.371
140.29,532.319,-31.779,160.371
140.34,530.73,-31.781,160.314
140.39,529.141,-31.779,160.314
140.44,527.553,-31.776,160.256
140.49,525.964,-31.769,160.256
140.54,524.376,-31.761,160.199
140.59,522.788,-31.751,160.142
140.64,521.201,-31.74,160.142
140.69,519.614,-31.728,160.142
140.74,518.028,-31.714,160.199
140.79,516.443,-31.7,160.142
140.84,514.858,-31.687,160.084
140.89,513.274,-31.675,160.084
140.94,511.69,-31.665,160.027
140.99,510.107,-31.655,160.142
141.04,508.525,-31.647,160.199
141.09,506.943,-31.64,160.314
141.14,505.361,-31.635,160.371
141.19,503.779,-31.632,160.428
141.24,502.197,-31.63,160.543
141.29,500.616,-31.63,160.6
141.34,499.034,-31.63,160.715
141.39,497.453,-31.631,160.657
141.44,495.871,-31.632,160.772
141.49,494.29,-31.633,160.657
141.54,492.708,-31.634,160.657
141.59,491.126,-31.634,160.6
141.64,489.545,-31.634,160.485
141.69,487.963,-31.632,160.371
141.74,486.381,-31.63,160.314
141.79,484.8,-31.626,160.256
141.84,483.219,-31.62,160.199
141.89,481.638,-31.614,160.084
141.94,480.057,-31.607,160.084
141.99,478.477,-31.6,160.142
142.04,476.898,-31.591,160.199
142.09,475.318,-31.583,160.142
142.14,473.739,-31.576,160.199
142.19,472.161,-31.569,160.199
142.24,470.582,-31.563,160.142
142.29,469.004,-31.559,160.256
142.34,467.426,-31.556,160.371
142.39,465.849,-31.553,160.428
142.44,464.271,-31.552,160.428
142.49,462.693,-31.553,160.371
142.54,461.116,-31.556,160.428
142.59,459.538,-31.56,160.428
142.64,457.96,-31.564,160.485
142.69,456.381,-31.57,160.543
142.74,454.803,-31.576,160.543
142.79,453.224,-31.582,160.543
142.84,451.645,-31.588,160.657
142.89,450.065,-31.592,160.715
142.94,448.485,-31.596,160.657
142.99,446.905,-31.598,160.6
143.04,445.326,-31.601,160.485
143.09,443.745,-31.601,160.485
143.14,442.165,-31.6,160.428
143.19,440.586,-31.596,160.371
143.24,439.006,-31.591,160.314
143.29,437.426,-31.584,160.199
143.34,435.847,-31.576,160.199
143.39,434.269,-31.567,160.199
143.44,432.691,-31.556,160.199
143.49,431.113,-31.543,160.256
143.54,429.536,-31.53,160.256
143.59,427.96,-31.515,160.314
143.64,426.385,-31.5,160.256
143.69,424.81,-31.486,160.199
143.74,423.236,-31.472,160.199
143.79,421.663,-31.46,160.142
143.84,420.09,-31.448,160.142
143.89,418.518,-31.438,160.142
143.94,416.947,-31.429,160.142
143.99,415.375,-31.422,160.199
144.04,413.804,-31.416,160.314
144.09,412.234,-31.411,160.428
144.14,410.663,-31.407,160.485
144.19,409.093,-31.405,160.543
144.24,407.523,-31.404,160.6
144.29,405.952,-31.405,160.543
144.34,404.382,-31.406,160.6
144.39,402.812,-31.408,160.6
144.44,401.241,-31.409,160.6
144.49,399.671,-31.411,160.6
144.54,398.1,-31.412,160.485
144.59,396.53,-31.413,160.428
144.64,394.959,-31.413,160.428
144.69,393.389,-31.411,160.371
144.74,391.818,-31.41,160.314
144.79,390.248,-31.407,160.314
144.84,388.677,-31.403,160.314
144.89,387.107,-31.398,160.199
144.94,385.538,-31.393,160.199
144.99,383.968,-31.388,160.199
145.04,382.399,-31.383,160.142
145.09,380.83,-31.378,160.084
145.14,379.261,-31.375,160.084
145.19,377.692,-31.372,160.142
145.24,376.124,-31.371,160.199
145.29,374.555,-31.371,160.199
145.34,372.987,-31.373,160.256
145.39,371.418,-31.376,160.371
145.44,369.849,-31.38,160.485
145.49,368.28,-31.386,160.543
145.54,366.71,-31.392,160.715
145.59,365.141,-31.399,160.715
145.64,363.57,-31.406,160.657
145.69,362,-31.415,160.6
145.74,360.429,-31.423,160.6
145.79,358.858,-31.431,160.657
145.84,357.286,-31.436,160.6
145.89,355.714,-31.441,160.6
145.94,354.142,-31.442,160.657
145.99,352.57,-31.441,160.6
146.04,350.998,-31.438,160.543
146.09,349.426,-31.433,160.428
146.14,347.855,-31.425,160.314
146.19,346.284,-31.415,160.199
146.24,344.713,-31.402,160.142
146.29,343.143,-31.388,160.027
146.34,341.574,-31.373,159.913
146.39,340.006,-31.358,159.855
146.44,338.439,-31.343,159.855
146.49,336.872,-31.328,159.855
146.54,335.306,-31.314,160.027
146.59,333.74,-31.3,160.084
146.64,332.176,-31.289,160.199
146.69,330.611,-31.279,160.256
146.74,329.048,-31.273,160.314
146.79,327.484,-31.269,160.371
146.84,325.921,-31.268,160.485
146.89,324.357,-31.269,160.543
146.94,322.794,-31.272,160.6
146.99,321.23,-31.276,160.715
147.04,319.666,-31.282,160.772
147.09,318.102,-31.288,160.829
147.14,316.537,-31.293,160.829
147.19,314.973,-31.298,160.829
147.24,313.408,-31.301,160.772
147.29,311.843,-31.303,160.772
147.34,310.277,-31.303,160.543
147.39,308.712,-31.301,160.428
147.44,307.147,-31.297,160.199
147.49,305.583,-31.292,160.142
147.54,304.018,-31.284,160.084
147.59,302.454,-31.274,159.97
147.64,300.891,-31.264,159.913
147.69,299.328,-31.252,159.913
147.74,297.766,-31.24,159.913
147.79,296.204,-31.229,159.913
147.84,294.643,-31.218,159.97
147.89,293.082,-31.209,160.084
147.94,291.522,-31.202,160.142
147.99,289.962,-31.197,160.256
148.04,288.402,-31.194,160.256
148.09,286.842,-31.194,160.371
148.14,285.283,-31.197,160.428
148.19,283.723,-31.202,160.6
148.24,282.162,-31.208,160.715
148.29,280.602,-31.215,160.772
148.34,279.041,-31.223,160.887
148.39,277.48,-31.23,160.887
148.44,275.918,-31.238,160.829
148.49,274.356,-31.244,160.829
148.54,272.794,-31.249,160.772
148.59,271.231,-31.251,160.6
148.64,269.668,-31.252,160.485
148.69,268.106,-31.25,160.485
148.74,266.543,-31.245,160.371
148.79,264.981,-31.235,160.371
148.84,263.42,-31.223,160.256
148.89,261.859,-31.207,160.199
148.94,260.299,-31.19,159.97
148.99,258.74,-31.172,159.913
149.04,257.182,-31.152,159.741
149.09,255.625,-31.134,159.741
149.14,254.069,-31.116,159.683
149.19,252.513,-31.099,159.741
149.24,250.959,-31.084,159.855
149.29,249.405,-31.072,159.913
149.34,247.852,-31.063,160.084
149.39,246.299,-31.057,160.199
149.44,244.746,-31.056,160.314
149.49,243.193,-31.058,160.428
149.54,241.64,-31.065,160.6
149.59,240.087,-31.074,160.772
149.64,238.533,-31.086,160.887
149.69,236.978,-31.099,161.001
149.74,235.423,-31.114,160.944
149.79,233.866,-31.131,161.058
149.84,232.31,-31.145,161.116
149.89,230.752,-31.158,161.058
149.94,229.194,-31.17,160.944
149.99,227.635,-31.178,160.887
150.04,226.076,-31.183,160.715
150.09,224.517,-31.184,160.543
150.14,222.958,-31.181,160.314
150.19,221.399,-31.175,160.084
150.24,219.84,-31.165,159.97
150.29,218.282,-31.152,159.855
150.34,216.725,-31.137,159.741
150.39,215.169,-31.12,159.626
150.44,213.613,-31.103,159.569
150.49,212.058,-31.086,159.626
150.54,210.505,-31.07,159.626
150.59,208.951,-31.057,159.683
150.64,207.399,-31.047,159.855
150.69,205.847,-31.041,160.027
150.74,204.295,-31.039,160.084
150.79,202.743,-31.042,160.371
150.84,201.19,-31.048,160.6
150.89,199.638,-31.058,160.772
150.94,198.085,-31.072,160.829
150.99,196.53,-31.09,160.944
151.04,194.976,-31.109,161.116
151.09,193.42,-31.129,161.23
151.14,191.863,-31.148,161.23
151.19,190.305,-31.167,161.23
151.24,188.746,-31.184,161.058
151.29,187.186,-31.199,160.944
151.34,185.626,-31.21,160.829
151.39,184.065,-31.217,160.657
151.44,182.504,-31.219,160.485
151.49,180.944,-31.217,160.256
151.54,179.383,-31.21,160.142
151.59,177.823,-31.198,159.913
151.64,176.263,-31.184,159.798
151.69,174.704,-31.166,159.683
151.74,173.147,-31.146,159.626
151.79,171.59,-31.125,159.626
151.84,170.034,-31.103,159.626
151.89,168.479,-31.083,159.683
151.94,166.926,-31.065,159.741
151.99,165.373,-31.05,159.855
152.04,163.821,-31.038,159.913
152.09,162.269,-31.031,160.084
152.14,160.718,-31.028,160.256
152.19,159.166,-31.03,160.371
152.24,157.615,-31.036,160.6
152.29,156.063,-31.046,160.657
152.34,154.51,-31.06,160.829
152.39,152.956,-31.078,160.887
152.44,151.402,-31.097,161.001
152.49,149.847,-31.118,161.058
152.54,148.29,-31.14,161.001
152.59,146.733,-31.162,160.944
152.64,145.174,-31.184,160.887
152.69,143.614,-31.204,160.829
152.74,142.054,-31.222,160.715
152.79,140.492,-31.237,160.6
152.84,138.93,-31.249,160.543
152.89,137.367,-31.257,160.428
152.94,135.804,-31.262,160.256
152.99,134.241,-31.264,160.142
153.04,132.678,-31.264,160.084
153.09,131.115,-31.26,159.97
153.14,129.552,-31.255,159.855
153.19,127.989,-31.249,159.798
153.24,126.427,-31.242,159.855
153.29,124.865,-31.234,159.97
153.34,123.304,-31.226,160.027
153.39,121.742,-31.219,160.027
153.44,120.182,-31.215,160.084
153.49,118.621,-31.212,160.142
153.54,117.06,-31.211,160.256
153.59,115.5,-31.212,160.428
153.64,113.939,-31.214,160.6
153.69,112.378,-31.218,160.657
153.74,110.817,-31.223,160.772
153.79,109.256,-31.229,160.829
153.84,107.694,-31.235,160.829
153.89,106.133,-31.242,160.715
153.94,104.57,-31.248,160.715
153.99,103.008,-31.253,160.657
154.04,101.445,-31.257,160.6
154.09,99.882,-31.258,160.485
154.14,98.319,-31.258,160.371
154.19,96.756,-31.257,160.314
154.24,95.194,-31.253,160.256
154.29,93.631,-31.246,160.199
154.34,92.069,-31.238,160.199
154.39,90.507,-31.227,160.256
154.44,88.946,-31.215,160.199
154.49,87.386,-31.202,160.084
154.54,85.826,-31.19,160.027
154.59,84.267,-31.179,159.97
154.64,82.708,-31.167,160.084
154.69,81.15,-31.155,160.084
154.74,79.593,-31.145,160.142
154.79,78.036,-31.137,160.256
154.84,76.479,-31.129,160.314
154.89,74.923,-31.124,160.371
154.94,73.367,-31.119,160.485
154.99,71.811,-31.116,160.6
155.04,70.255,-31.114,160.6
155.09,68.699,-31.114,160.657
155.14,67.144,-31.114,160.6
155.19,65.588,-31.114,160.6
155.24,64.032,-31.115,160.6
155.29,62.476,-31.114,160.6
155.34,60.921,-31.113,160.6
155.39,59.365,-31.111,160.543
155.44,57.81,-31.108,160.485
155.49,56.254,-31.103,160.485
155.54,54.699,-31.096,160.428
155.59,53.145,-31.087,160.428
155.64,51.591,-31.076,160.314
155.69,50.037,-31.064,160.199
155.74,48.484,-31.051,160.142
155.79,46.932,-31.038,160.084
155.84,45.381,-31.024,159.913
155.89,43.83,-31.011,159.913
155.94,42.279,-30.999,159.913
155.99,40.73,-30.987,159.97
156.04,39.181,-30.977,160.084
156.09,37.632,-30.968,160.199
156.14,36.084,-30.961,160.314
156.19,34.536,-30.955,160.371
156.24,32.988,-30.953,160.428
156.29,31.441,-30.952,160.485
156.34,29.893,-30.954,160.485
156.39,28.345,-30.958,160.543
156.44,26.797,-30.964,160.6
156.49,25.249,-30.971,160.657
156.54,23.7,-30.978,160.6
156.59,22.151,-30.987,160.543
156.64,20.601,-30.997,160.543
156.69,19.051,-31.006,160.543
156.74,17.501,-31.015,160.485
156.79,15.95,-31.023,160.485
156.84,14.398,-31.031,160.485
156.89,12.847,-31.037,160.428
156.94,11.295,-31.043,160.428
156.99,9.742,-31.047,160.428
157.04,8.19,-31.049,160.485
157.09,6.638,-31.049,160.428
157.14,5.085,-31.049,160.256
157.19,3.533,-31.049,160.256
157.24,1.98,-31.047,160.199
157.29,0.428,-31.043,160.256
157.34,-1.124,-31.039,160.256
